mean_fit_time,std_fit_time,mean_score_time,std_score_time,param_classifier__max_depth,param_classifier__n_estimators,params,split0_test_accuracy,split1_test_accuracy,split2_test_accuracy,split3_test_accuracy,split4_test_accuracy,split5_test_accuracy,split6_test_accuracy,split7_test_accuracy,split8_test_accuracy,split9_test_accuracy,split10_test_accuracy,split11_test_accuracy,split12_test_accuracy,split13_test_accuracy,split14_test_accuracy,mean_test_accuracy,std_test_accuracy,rank_test_accuracy,split0_train_accuracy,split1_train_accuracy,split2_train_accuracy,split3_train_accuracy,split4_train_accuracy,split5_train_accuracy,split6_train_accuracy,split7_train_accuracy,split8_train_accuracy,split9_train_accuracy,split10_train_accuracy,split11_train_accuracy,split12_train_accuracy,split13_train_accuracy,split14_train_accuracy,mean_train_accuracy,std_train_accuracy,split0_test_precision_macro,split1_test_precision_macro,split2_test_precision_macro,split3_test_precision_macro,split4_test_precision_macro,split5_test_precision_macro,split6_test_precision_macro,split7_test_precision_macro,split8_test_precision_macro,split9_test_precision_macro,split10_test_precision_macro,split11_test_precision_macro,split12_test_precision_macro,split13_test_precision_macro,split14_test_precision_macro,mean_test_precision_macro,std_test_precision_macro,rank_test_precision_macro,split0_train_precision_macro,split1_train_precision_macro,split2_train_precision_macro,split3_train_precision_macro,split4_train_precision_macro,split5_train_precision_macro,split6_train_precision_macro,split7_train_precision_macro,split8_train_precision_macro,split9_train_precision_macro,split10_train_precision_macro,split11_train_precision_macro,split12_train_precision_macro,split13_train_precision_macro,split14_train_precision_macro,mean_train_precision_macro,std_train_precision_macro,split0_test_recall_macro,split1_test_recall_macro,split2_test_recall_macro,split3_test_recall_macro,split4_test_recall_macro,split5_test_recall_macro,split6_test_recall_macro,split7_test_recall_macro,split8_test_recall_macro,split9_test_recall_macro,split10_test_recall_macro,split11_test_recall_macro,split12_test_recall_macro,split13_test_recall_macro,split14_test_recall_macro,mean_test_recall_macro,std_test_recall_macro,rank_test_recall_macro,split0_train_recall_macro,split1_train_recall_macro,split2_train_recall_macro,split3_train_recall_macro,split4_train_recall_macro,split5_train_recall_macro,split6_train_recall_macro,split7_train_recall_macro,split8_train_recall_macro,split9_train_recall_macro,split10_train_recall_macro,split11_train_recall_macro,split12_train_recall_macro,split13_train_recall_macro,split14_train_recall_macro,mean_train_recall_macro,std_train_recall_macro,split0_test_f1_macro,split1_test_f1_macro,split2_test_f1_macro,split3_test_f1_macro,split4_test_f1_macro,split5_test_f1_macro,split6_test_f1_macro,split7_test_f1_macro,split8_test_f1_macro,split9_test_f1_macro,split10_test_f1_macro,split11_test_f1_macro,split12_test_f1_macro,split13_test_f1_macro,split14_test_f1_macro,mean_test_f1_macro,std_test_f1_macro,rank_test_f1_macro,split0_train_f1_macro,split1_train_f1_macro,split2_train_f1_macro,split3_train_f1_macro,split4_train_f1_macro,split5_train_f1_macro,split6_train_f1_macro,split7_train_f1_macro,split8_train_f1_macro,split9_train_f1_macro,split10_train_f1_macro,split11_train_f1_macro,split12_train_f1_macro,split13_train_f1_macro,split14_train_f1_macro,mean_train_f1_macro,std_train_f1_macro
0.30937581062316893,0.06421027598721318,0.025863774617513022,0.0076717235675582635,,50,"{'classifier__max_depth': None, 'classifier__n_estimators': 50}",0.5625,0.7083333333333334,0.625,0.5625,0.5416666666666666,0.5833333333333334,0.625,0.6041666666666666,0.5833333333333334,0.5208333333333334,0.5625,0.6458333333333334,0.4791666666666667,0.6458333333333334,0.6458333333333334,0.5930555555555556,0.05634850770861333,21,1.0,1.0,1.0,1.0,1.0,1.0,1.0,1.0,1.0,1.0,1.0,1.0,1.0,1.0,1.0,1.0,0.0,0.4781249999999999,0.7354166666666666,0.6145833333333333,0.5416666666666666,0.4822916666666666,0.54375,0.6572916666666666,0.5677083333333333,0.5651041666666666,0.428125,0.6270833333333333,0.671875,0.3559523809523809,0.6677083333333333,0.702827380952381,0.5759672619047619,0.10355766206287843,22,1.0,1.0,1.0,1.0,1.0,1.0,1.0,1.0,1.0,1.0,1.0,1.0,1.0,1.0,1.0,1.0,0.0,0.5625,0.7083333333333333,0.625,0.5625,0.5416666666666666,0.5833333333333333,0.625,0.6041666666666666,0.5833333333333333,0.5208333333333333,0.5625,0.6458333333333333,0.47916666666666663,0.6458333333333333,0.6458333333333333,0.5930555555555556,0.056348507708613306,21,1.0,1.0,1.0,1.0,1.0,1.0,1.0,1.0,1.0,1.0,1.0,1.0,1.0,1.0,1.0,1.0,0.0,0.5075892857142857,0.6790178571428571,0.6015873015873017,0.541220238095238,0.48377976190476185,0.5473214285714285,0.5961309523809524,0.5720238095238095,0.5498647186147186,0.46294642857142854,0.5602678571428571,0.6207837301587301,0.39985119047619044,0.6326884920634921,0.6389880952380953,0.5596040764790764,0.07155393498098926,20,1.0,1.0,1.0,1.0,1.0,1.0,1.0,1.0,1.0,1.0,1.0,1.0,1.0,1.0,1.0,1.0,0.0
0.5134039878845215,0.08719519421021107,0.02744738260904948,0.003800236957922661,,100,"{'classifier__max_depth': None, 'classifier__n_estimators': 100}",0.625,0.6666666666666666,0.6458333333333334,0.6875,0.5208333333333334,0.6041666666666666,0.6666666666666666,0.7291666666666666,0.625,0.5416666666666666,0.5625,0.6458333333333334,0.4791666666666667,0.7083333333333334,0.6666666666666666,0.625,0.06888664870909579,10,1.0,1.0,1.0,1.0,1.0,1.0,1.0,1.0,1.0,1.0,1.0,1.0,1.0,1.0,1.0,1.0,0.0,0.609375,0.678125,0.6479166666666667,0.640625,0.4645833333333333,0.6114583333333333,0.6770833333333334,0.7882440476190475,0.6434523809523809,0.46979166666666666,0.584375,0.6614583333333333,0.42336309523809523,0.7614583333333333,0.6583333333333333,0.6213095238095238,0.09889683164648284,10,1.0,1.0,1.0,1.0,1.0,1.0,1.0,1.0,1.0,1.0,1.0,1.0,1.0,1.0,1.0,1.0,0.0,0.625,0.6666666666666666,0.6458333333333333,0.6875,0.5208333333333333,0.6041666666666666,0.6666666666666666,0.7291666666666666,0.625,0.5416666666666666,0.5625,0.6458333333333333,0.47916666666666663,0.7083333333333333,0.6666666666666666,0.625,0.0688866487090958,10,1.0,1.0,1.0,1.0,1.0,1.0,1.0,1.0,1.0,1.0,1.0,1.0,1.0,1.0,1.0,1.0,0.0,0.6013392857142857,0.6221726190476191,0.6218253968253968,0.6551587301587302,0.4790178571428571,0.5777777777777777,0.6543154761904761,0.7066964285714286,0.5983630952380952,0.4793154761904762,0.5367559523809524,0.6286706349206349,0.415327380952381,0.6936011904761905,0.6386904761904761,0.5939351851851851,0.0802814582233564,10,1.0,1.0,1.0,1.0,1.0,1.0,1.0,1.0,1.0,1.0,1.0,1.0,1.0,1.0,1.0,1.0,0.0
0.770211950937907,0.19768432556492344,0.035893583297729494,0.012388281725674227,,150,"{'classifier__max_depth': None, 'classifier__n_estimators': 150}",0.6875,0.6458333333333334,0.6458333333333334,0.6458333333333334,0.6041666666666666,0.625,0.6875,0.6875,0.6458333333333334,0.5833333333333334,0.6041666666666666,0.6041666666666666,0.5,0.7083333333333334,0.7083333333333334,0.638888888888889,0.053611830737829956,2,1.0,1.0,1.0,1.0,1.0,1.0,1.0,1.0,1.0,1.0,1.0,1.0,1.0,1.0,1.0,1.0,0.0,0.7,0.7432291666666666,0.703125,0.6052083333333333,0.6226190476190476,0.6458333333333333,0.6833333333333333,0.6947916666666667,0.6278273809523809,0.5697916666666667,0.6114583333333333,0.5833333333333333,0.4181547619047619,0.7260416666666667,0.7010416666666667,0.6423859126984126,0.0791748324323279,2,1.0,1.0,1.0,1.0,1.0,1.0,1.0,1.0,1.0,1.0,1.0,1.0,1.0,1.0,1.0,1.0,0.0,0.6875,0.6458333333333333,0.6458333333333333,0.6458333333333333,0.6041666666666666,0.625,0.6875,0.6875,0.6458333333333333,0.5833333333333333,0.6041666666666666,0.6041666666666666,0.5,0.7083333333333333,0.7083333333333333,0.638888888888889,0.05361183073782994,2,1.0,1.0,1.0,1.0,1.0,1.0,1.0,1.0,1.0,1.0,1.0,1.0,1.0,1.0,1.0,1.0,0.0,0.6660714285714286,0.6303706709956709,0.6376488095238095,0.6177083333333333,0.5672619047619047,0.6058035714285714,0.6712797619047619,0.6500992063492064,0.6135416666666667,0.544345238095238,0.5767857142857142,0.584920634920635,0.43214285714285716,0.6834325396825396,0.6778273809523809,0.6106159812409812,0.06285739019446598,2,1.0,1.0,1.0,1.0,1.0,1.0,1.0,1.0,1.0,1.0,1.0,1.0,1.0,1.0,1.0,1.0,0.0
1.025597333908081,0.15324904131641076,0.04366304079691569,0.01385869636230119,,200,"{'classifier__max_depth': None, 'classifier__n_estimators': 200}",0.6875,0.625,0.6458333333333334,0.6875,0.625,0.6666666666666666,0.6458333333333334,0.7291666666666666,0.6666666666666666,0.5833333333333334,0.6041666666666666,0.6666666666666666,0.5,0.6458333333333334,0.6875,0.6444444444444445,0.052411006289203345,1,1.0,1.0,1.0,1.0,1.0,1.0,1.0,1.0,1.0,1.0,1.0,1.0,1.0,1.0,1.0,1.0,0.0,0.7302083333333333,0.6799107142857143,0.6968749999999999,0.625,0.6278273809523809,0.6812499999999999,0.6635416666666667,0.7517857142857143,0.6538690476190476,0.5697916666666667,0.575,0.696875,0.39345238095238094,0.6885416666666666,0.7010416666666667,0.6489980158730159,0.08419229341084777,1,1.0,1.0,1.0,1.0,1.0,1.0,1.0,1.0,1.0,1.0,1.0,1.0,1.0,1.0,1.0,1.0,0.0,0.6875,0.625,0.6458333333333333,0.6875,0.625,0.6666666666666666,0.6458333333333333,0.7291666666666666,0.6666666666666666,0.5833333333333333,0.6041666666666666,0.6666666666666666,0.5,0.6458333333333333,0.6875,0.6444444444444445,0.05241100628920336,1,1.0,1.0,1.0,1.0,1.0,1.0,1.0,1.0,1.0,1.0,1.0,1.0,1.0,1.0,1.0,1.0,0.0,0.6700892857142857,0.5889880952380953,0.6354166666666666,0.6459821428571428,0.5791666666666666,0.6452380952380953,0.6273809523809524,0.6956845238095238,0.6337797619047618,0.544345238095238,0.5595238095238095,0.6491071428571429,0.42351190476190476,0.6231646825396825,0.6572916666666666,0.6119113756613754,0.06424710424275266,1,1.0,1.0,1.0,1.0,1.0,1.0,1.0,1.0,1.0,1.0,1.0,1.0,1.0,1.0,1.0,1.0,0.0
0.17904545466105143,0.03600908712952766,0.02436040242513021,0.003271398916079589,1,50,"{'classifier__max_depth': 1, 'classifier__n_estimators': 50}",0.375,0.22916666666666666,0.3125,0.4375,0.3333333333333333,0.3125,0.3125,0.3541666666666667,0.3125,0.3333333333333333,0.3125,0.2708333333333333,0.22916666666666666,0.375,0.3125,0.32083333333333336,0.052041649986653324,44,0.6041666666666666,0.5104166666666666,0.625,0.6145833333333334,0.6875,0.6458333333333334,0.5625,0.6041666666666666,0.5416666666666666,0.6041666666666666,0.4791666666666667,0.5729166666666666,0.6354166666666666,0.5729166666666666,0.5104166666666666,0.5847222222222223,0.05497088174212029,0.25922619047619044,0.14032738095238095,0.2313988095238095,0.31666666666666665,0.23095238095238096,0.2251488095238095,0.22811355311355314,0.2697172619047619,0.2595982142857143,0.21160714285714283,0.2269886363636364,0.19315476190476188,0.1796875,0.3041666666666667,0.17395833333333333,0.23004748723498722,0.046019956027302106,44,0.6485119047619048,0.41061507936507935,0.6039630325814536,0.549665959040959,0.641010551948052,0.6497903138528138,0.49363839285714284,0.6695684523809524,0.4755817099567099,0.6559636544011545,0.36489205239205236,0.5972222222222221,0.592563439849624,0.4937003968253968,0.4835132290095525,0.5553466927630046,0.09309256644083111,0.375,0.22916666666666666,0.3125,0.4375,0.33333333333333337,0.3125,0.3125,0.35416666666666663,0.3125,0.3333333333333333,0.3125,0.2708333333333333,0.22916666666666669,0.375,0.3125,0.32083333333333336,0.05204164998665332,44,0.6041666666666667,0.5104166666666667,0.625,0.6145833333333334,0.6875,0.6458333333333333,0.5625,0.6041666666666667,0.5416666666666667,0.6041666666666667,0.47916666666666663,0.5729166666666666,0.6354166666666667,0.5729166666666667,0.5104166666666667,0.5847222222222223,0.054970881742120274,0.2871794871794872,0.1699404761904762,0.2517361111111111,0.35191163003663,0.25937499999999997,0.2390376984126984,0.24248511904761905,0.2754599567099567,0.25615530303030304,0.2523809523809524,0.2371031746031746,0.21180555555555558,0.18538961038961038,0.31651785714285713,0.21703296703296704,0.2502340599215599,0.0450536074754982,44,0.56941496003996,0.4350708727546963,0.5531962890051125,0.5529110230155122,0.6393260844547609,0.6291485883397648,0.4784090909090909,0.5812780969030968,0.4805644824946296,0.5562386347312818,0.3880508504008891,0.517906746031746,0.5802291458541459,0.4994869713619713,0.4431537300101373,0.5269590377537863,0.06975551618134487
0.30209991137186687,0.0654885852912582,0.027858750025431315,0.007986196433704806,1,100,"{'classifier__max_depth': 1, 'classifier__n_estimators': 100}",0.4583333333333333,0.2916666666666667,0.375,0.4166666666666667,0.3125,0.3333333333333333,0.4375,0.4375,0.375,0.4583333333333333,0.3541666666666667,0.3125,0.3541666666666667,0.3958333333333333,0.375,0.37916666666666665,0.052263577006185495,43,0.7083333333333334,0.6666666666666666,0.7291666666666666,0.6770833333333334,0.6354166666666666,0.7083333333333334,0.65625,0.6979166666666666,0.6458333333333334,0.6979166666666666,0.6458333333333334,0.6041666666666666,0.7604166666666666,0.65625,0.625,0.6743055555555555,0.040872052693228224,0.36339285714285713,0.2708333333333333,0.33288690476190474,0.3205357142857143,0.22738095238095238,0.23348214285714286,0.45461309523809523,0.328125,0.3165719696969697,0.42339015151515147,0.37669101731601734,0.1962797619047619,0.3339285714285714,0.34270833333333334,0.3208829365079365,0.3227801827801828,0.0675935620728191,43,0.7223349567099566,0.6853309884559884,0.7448187229437229,0.6801677489177489,0.6515602453102454,0.7357278138528138,0.5642992424242425,0.748241341991342,0.5670522186147187,0.7388888888888889,0.5501488095238095,0.6847086940836942,0.7670444139194139,0.5918650793650794,0.6610746891996891,0.672884256946757,0.07119544862727756,0.4583333333333333,0.29166666666666663,0.375,0.41666666666666663,0.3125,0.3333333333333333,0.4375,0.4375,0.375,0.45833333333333326,0.35416666666666663,0.3125,0.35416666666666663,0.3958333333333333,0.375,0.37916666666666665,0.052263577006185495,43,0.7083333333333333,0.6666666666666667,0.7291666666666667,0.6770833333333334,0.6354166666666667,0.7083333333333334,0.65625,0.6979166666666666,0.6458333333333334,0.6979166666666667,0.6458333333333334,0.6041666666666667,0.7604166666666666,0.65625,0.625,0.6743055555555555,0.04087205269322821,0.38953373015873016,0.2414772727272727,0.3243551587301587,0.33055555555555555,0.23948412698412697,0.25739989177489175,0.4021825396825397,0.3553342490842491,0.3096230158730159,0.409077380952381,0.32281746031746034,0.23061417748917748,0.3225961538461538,0.3372023809523809,0.3166666666666667,0.3192613173863174,0.055305826718271105,43,0.6764998481910247,0.6274737007273772,0.6859074136647667,0.6425916403857581,0.5885935143288085,0.6817289940451705,0.585561099439776,0.6810272244095774,0.5750622233158998,0.6825289294039294,0.5822417166167166,0.5732917205343676,0.7286312919536604,0.5962438603063602,0.585978649833139,0.6328907884770889,0.05058066443301294
0.45440897941589353,0.05866064906670348,0.035856072107950845,0.010894300309566287,1,150,"{'classifier__max_depth': 1, 'classifier__n_estimators': 150}",0.4375,0.3541666666666667,0.5208333333333334,0.375,0.3541666666666667,0.4791666666666667,0.5,0.4166666666666667,0.4375,0.4166666666666667,0.2708333333333333,0.4375,0.3958333333333333,0.5833333333333334,0.4375,0.42777777777777776,0.0733091290022036,41,0.6875,0.6041666666666666,0.8020833333333334,0.7604166666666666,0.6770833333333334,0.6875,0.6770833333333334,0.6875,0.71875,0.6979166666666666,0.6875,0.6979166666666666,0.7604166666666666,0.75,0.6875,0.7055555555555556,0.0455589429634909,0.3970982142857143,0.3333333333333333,0.47470238095238093,0.2995535714285714,0.2646329365079365,0.4553571428571428,0.4625,0.23660714285714285,0.3455357142857143,0.2796875,0.2567978896103896,0.3876488095238095,0.3364583333333333,0.5635416666666666,0.3460565476190476,0.36263407888407884,0.09054130332927007,42,0.6468005952380953,0.5891426282051282,0.7929563492063492,0.7986742424242423,0.7127840909090909,0.7310267857142857,0.636410637973138,0.7910736832611833,0.7698795995670995,0.7323998917748917,0.5827724358974359,0.7636160714285715,0.8195741758241758,0.7596117424242423,0.7716901154401155,0.7265608696858697,0.07442767248261754,0.4375,0.35416666666666663,0.5208333333333333,0.375,0.35416666666666663,0.47916666666666663,0.49999999999999994,0.41666666666666663,0.43749999999999994,0.41666666666666663,0.2708333333333333,0.43749999999999994,0.39583333333333337,0.5833333333333333,0.4375,0.42777777777777776,0.07330912900220359,41,0.6875,0.6041666666666667,0.8020833333333334,0.7604166666666667,0.6770833333333333,0.6875,0.6770833333333334,0.6875,0.71875,0.6979166666666667,0.6875,0.6979166666666667,0.7604166666666666,0.75,0.6875,0.7055555555555556,0.0455589429634909,0.3713924963924964,0.3039772727272727,0.47068452380952375,0.30431547619047616,0.2750992063492063,0.4329861111111111,0.4537202380952381,0.2922619047619047,0.36354166666666665,0.31521915584415583,0.23676948051948052,0.368452380952381,0.3451159951159951,0.5519345238095238,0.3645472582972583,0.3633345127095127,0.08112400949421948,42,0.6392399267399267,0.551980685615554,0.7762164918414918,0.7521984551396317,0.6463693781708488,0.655462592962593,0.6163624204742626,0.6547032012105541,0.6927627519539284,0.6731634990826167,0.6224352949681897,0.6701191169941171,0.7498652663126348,0.7179677552839318,0.6659614282776047,0.6723205510018591,0.056685954931362935
0.5830770651499431,0.08343571251207145,0.03785236676534017,0.00782591226349943,1,200,"{'classifier__max_depth': 1, 'classifier__n_estimators': 200}",0.5,0.3541666666666667,0.5208333333333334,0.4166666666666667,0.3333333333333333,0.4791666666666667,0.4583333333333333,0.4583333333333333,0.3958333333333333,0.4375,0.2916666666666667,0.3958333333333333,0.3958333333333333,0.5416666666666666,0.4791666666666667,0.4305555555555555,0.06832429931249358,40,0.6979166666666666,0.6666666666666666,0.7604166666666666,0.7708333333333334,0.6875,0.7083333333333334,0.6770833333333334,0.65625,0.75,0.7291666666666666,0.75,0.71875,0.7916666666666666,0.7604166666666666,0.6979166666666666,0.7215277777777778,0.03979596883859556,0.45200892857142855,0.33556547619047616,0.5330357142857143,0.3392857142857143,0.24218749999999997,0.4171130952380952,0.5041666666666667,0.27938988095238093,0.3322443181818182,0.30870535714285713,0.3119791666666667,0.3125,0.3976190476190476,0.5666666666666667,0.4425595238095238,0.3850018037518037,0.09429974672047725,40,0.7725198412698413,0.629265873015873,0.7733630952380952,0.8157738095238095,0.7304788961038962,0.7493574134199135,0.6545522186147186,0.6840052308802309,0.7462053571428571,0.7383071789321789,0.7507440476190477,0.7997159090909092,0.8208333333333333,0.8415449134199133,0.8034857503607503,0.7540101911976912,0.059129042904436886,0.49999999999999994,0.35416666666666663,0.5208333333333333,0.41666666666666663,0.3333333333333333,0.47916666666666663,0.45833333333333326,0.4583333333333333,0.3958333333333333,0.4375,0.29166666666666663,0.3958333333333333,0.39583333333333326,0.5416666666666666,0.47916666666666663,0.4305555555555555,0.06832429931249356,40,0.6979166666666667,0.6666666666666667,0.7604166666666666,0.7708333333333333,0.6875,0.7083333333333334,0.6770833333333334,0.65625,0.75,0.7291666666666667,0.75,0.71875,0.7916666666666666,0.7604166666666666,0.6979166666666667,0.7215277777777778,0.039795968838595534,0.424963924963925,0.3,0.4686011904761904,0.3537202380952381,0.2506764069264069,0.40606060606060607,0.42485119047619047,0.33468614718614714,0.3416801948051948,0.3387040043290043,0.27521194083694084,0.33670634920634923,0.35133928571428574,0.507093253968254,0.4203869047619047,0.36897877585377586,0.06891692593979704,40,0.6682827589077589,0.6138543747918748,0.7334738178488178,0.764609348984349,0.6507032795635737,0.6691418875242405,0.6257547599459364,0.6038041003114532,0.7204930486180485,0.6926711768623534,0.7079774392274393,0.6970591500003265,0.7744796869796869,0.7332246797320328,0.6649639882176647,0.6880328998343703,0.0504293108479367
0.19130748112996418,0.029783319891879868,0.025301424662272136,0.004781078987292006,2,50,"{'classifier__max_depth': 2, 'classifier__n_estimators': 50}",0.5,0.375,0.4166666666666667,0.4166666666666667,0.4166666666666667,0.4583333333333333,0.4583333333333333,0.4583333333333333,0.3958333333333333,0.4375,0.3333333333333333,0.375,0.3541666666666667,0.4583333333333333,0.4583333333333333,0.42083333333333334,0.045133546692422,42,0.8333333333333334,0.8020833333333334,0.8541666666666666,0.8541666666666666,0.8854166666666666,0.90625,0.8125,0.8125,0.7708333333333334,0.875,0.71875,0.8020833333333334,0.875,0.8020833333333334,0.7916666666666666,0.826388888888889,0.04776041351124832,0.5249999999999999,0.2913510101010101,0.3510416666666667,0.309375,0.3788690476190476,0.4159722222222222,0.4430871212121212,0.4255208333333333,0.3203125,0.3854166666666667,0.28169642857142857,0.3442708333333333,0.32343750000000004,0.44166666666666665,0.45243055555555556,0.3792965367965368,0.06773993905858482,41,0.8816964285714286,0.834375,0.8720373376623376,0.8732886904761905,0.8974702380952382,0.9363095238095238,0.8385416666666667,0.7982886904761904,0.8005208333333333,0.8965773809523809,0.8078485750360751,0.8290178571428571,0.8939732142857143,0.8555803571428571,0.8323051948051948,0.8565220658970658,0.03937798466033858,0.49999999999999994,0.375,0.41666666666666663,0.41666666666666663,0.41666666666666663,0.4583333333333333,0.4583333333333333,0.4583333333333333,0.3958333333333333,0.4375,0.33333333333333337,0.37499999999999994,0.35416666666666663,0.4583333333333333,0.4583333333333333,0.42083333333333334,0.045133546692422,42,0.8333333333333334,0.8020833333333333,0.8541666666666667,0.8541666666666666,0.8854166666666667,0.90625,0.8125,0.8125,0.7708333333333334,0.875,0.71875,0.8020833333333334,0.875,0.8020833333333334,0.7916666666666666,0.826388888888889,0.04776041351124834,0.4679563492063492,0.290327380952381,0.3458194583194583,0.3486607142857143,0.35615079365079366,0.4059027777777778,0.4136904761904762,0.3976325757575757,0.3309659090909091,0.3780257936507937,0.28382936507936507,0.3227813852813853,0.3007575757575758,0.4152867965367965,0.40907738095238094,0.3644576488326488,0.051827403841344606,41,0.8182713120213121,0.7877455877455877,0.8420291105952871,0.8456064768564768,0.8851856476856477,0.9014641608391609,0.7883963258963259,0.7860150266400265,0.7472402597402596,0.8747169497169497,0.7035073382499852,0.7980408480408481,0.8649413086913087,0.7767430486180487,0.7829142671054435,0.8135211778961778,0.053041453122893524
0.35863375663757324,0.0515329464779671,0.02825466791788737,0.006906740872950405,2,100,"{'classifier__max_depth': 2, 'classifier__n_estimators': 100}",0.5625,0.375,0.5,0.4791666666666667,0.3958333333333333,0.5,0.6041666666666666,0.5208333333333334,0.3958333333333333,0.5625,0.3958333333333333,0.4166666666666667,0.4166666666666667,0.5833333333333334,0.4166666666666667,0.475,0.07576767609436587,38,0.9270833333333334,0.8333333333333334,0.9583333333333334,0.90625,0.8541666666666666,0.875,0.8958333333333334,0.90625,0.84375,0.9375,0.8854166666666666,0.875,0.90625,0.8854166666666666,0.8854166666666666,0.8916666666666665,0.03289644245090838,0.6585565476190476,0.2942708333333333,0.4188988095238095,0.43854166666666666,0.37797619047619047,0.47410714285714284,0.5958333333333333,0.53125,0.3113095238095238,0.5062500000000001,0.4817708333333333,0.38749999999999996,0.35520833333333335,0.55,0.32291666666666663,0.44695932539682537,0.10481577048326508,38,0.9434523809523809,0.8535714285714286,0.9665178571428572,0.9166666666666667,0.8787698412698413,0.9083468614718615,0.9114583333333334,0.9248511904761905,0.8699404761904762,0.9471726190476191,0.9069940476190477,0.8928571428571429,0.927529761904762,0.9224837662337663,0.9026785714285714,0.9115527296777297,0.02888223959817627,0.5625,0.375,0.5,0.47916666666666663,0.3958333333333333,0.5,0.6041666666666666,0.5208333333333333,0.39583333333333326,0.5625,0.3958333333333333,0.41666666666666663,0.41666666666666663,0.5833333333333333,0.41666666666666663,0.475,0.07576767609436587,38,0.9270833333333334,0.8333333333333334,0.9583333333333334,0.90625,0.8541666666666667,0.875,0.8958333333333334,0.90625,0.84375,0.9375,0.8854166666666667,0.875,0.90625,0.8854166666666666,0.8854166666666666,0.8916666666666665,0.032896442450908364,0.5385551948051948,0.3052218614718615,0.4257936507936508,0.43943452380952386,0.34265873015873016,0.4450396825396825,0.575,0.49166666666666664,0.32217261904761907,0.5072916666666667,0.3923250360750361,0.3637896825396825,0.35357142857142854,0.528720238095238,0.3541170634920635,0.42569053631553627,0.0835119152104281,38,0.9262237762237762,0.8145854145854146,0.9587287712287713,0.9028263403263403,0.8561480186480186,0.868303877495054,0.8929507992007992,0.9060772560772561,0.8275932400932401,0.9340347152847153,0.8833208458208459,0.8743194305694306,0.9041614635364635,0.8808496650408415,0.8728042790542792,0.8868618595456829,0.03681299156191869
0.5018760999043782,0.06921222926920122,0.03379308382670085,0.00881649998453496,2,150,"{'classifier__max_depth': 2, 'classifier__n_estimators': 150}",0.5208333333333334,0.3541666666666667,0.5625,0.4583333333333333,0.3541666666666667,0.5416666666666666,0.625,0.5208333333333334,0.5,0.5625,0.3541666666666667,0.4791666666666667,0.3958333333333333,0.5833333333333334,0.5,0.4875,0.08464249436218105,37,0.9166666666666666,0.8541666666666666,0.9479166666666666,0.9166666666666666,0.8854166666666666,0.9270833333333334,0.9375,0.9166666666666666,0.8854166666666666,0.9375,0.8854166666666666,0.8958333333333334,0.9270833333333334,0.9270833333333334,0.9479166666666666,0.913888888888889,0.026205503144601686,0.49970238095238095,0.31808712121212124,0.5380208333333333,0.3833333333333333,0.2970238095238095,0.47812499999999997,0.6052083333333333,0.528125,0.5069196428571429,0.528125,0.3453125,0.4958333333333333,0.32395833333333335,0.5229166666666667,0.46562499999999996,0.4557544191919192,0.09302459518869978,37,0.9345238095238095,0.8861607142857143,0.9575892857142857,0.9293154761904763,0.9002976190476191,0.9419642857142857,0.9486607142857143,0.9345238095238095,0.9040178571428571,0.9486607142857143,0.9129464285714286,0.9174107142857143,0.9434523809523809,0.9419642857142858,0.9538690476190477,0.9303571428571428,0.020756661635907975,0.5208333333333333,0.35416666666666663,0.5625,0.45833333333333337,0.35416666666666663,0.5416666666666666,0.625,0.5208333333333333,0.5,0.5625,0.35416666666666663,0.47916666666666663,0.39583333333333326,0.5833333333333333,0.5,0.4875,0.08464249436218106,37,0.9166666666666667,0.8541666666666667,0.9479166666666667,0.9166666666666667,0.8854166666666667,0.9270833333333334,0.9375,0.9166666666666667,0.8854166666666667,0.9375,0.8854166666666666,0.8958333333333334,0.9270833333333333,0.9270833333333334,0.9479166666666667,0.913888888888889,0.026205503144601672,0.4651785714285714,0.29534632034632036,0.5147456709956709,0.4061011904761904,0.2975198412698412,0.4807539682539682,0.5888392857142857,0.493452380952381,0.45016233766233765,0.5111111111111111,0.3186147186147186,0.44141865079365084,0.3132440476190476,0.5331845238095237,0.44791666666666663,0.437172619047619,0.08938908036299988,37,0.9083479020979022,0.8313103563103563,0.9482392607392607,0.9139298201798203,0.881951381951382,0.9274329836829838,0.9366133866133867,0.9157342657342658,0.8831876456876457,0.9328255078255079,0.8826111388611388,0.8975253912753912,0.923572261072261,0.9241591741591741,0.9476252913752914,0.9103377178377178,0.029942805488859425
0.6788142045338948,0.09960508725166693,0.03868203163146973,0.006588769476411397,2,200,"{'classifier__max_depth': 2, 'classifier__n_estimators': 200}",0.5416666666666666,0.3333333333333333,0.5208333333333334,0.5,0.4166666666666667,0.5416666666666666,0.5625,0.5416666666666666,0.4583333333333333,0.5208333333333334,0.4375,0.4791666666666667,0.4375,0.625,0.5416666666666666,0.4972222222222223,0.06924972701287727,36,0.9270833333333334,0.8645833333333334,0.9583333333333334,0.9166666666666666,0.9270833333333334,0.9479166666666666,0.9270833333333334,0.8854166666666666,0.9375,0.9375,0.8958333333333334,0.90625,0.9270833333333334,0.9166666666666666,0.9166666666666666,0.9194444444444445,0.02328202029755585,0.5372023809523809,0.2607638888888889,0.40729166666666666,0.4041666666666667,0.36860119047619044,0.5241071428571429,0.5111607142857143,0.49657738095238096,0.3901041666666667,0.5132440476190476,0.45260416666666664,0.4938988095238095,0.3489583333333333,0.6125,0.515625,0.455787037037037,0.08767673466006377,36,0.9397321428571428,0.8787202380952381,0.9642857142857143,0.9293154761904762,0.9360119047619048,0.9575892857142857,0.9382440476190477,0.9107142857142858,0.9450892857142856,0.9486607142857143,0.9188988095238095,0.9248511904761905,0.9360119047619048,0.9352678571428572,0.9270833333333333,0.9326984126984127,0.01970846926344069,0.5416666666666666,0.3333333333333333,0.5208333333333334,0.49999999999999994,0.41666666666666663,0.5416666666666666,0.5625,0.5416666666666666,0.4583333333333333,0.5208333333333333,0.4375,0.47916666666666663,0.43749999999999994,0.625,0.5416666666666666,0.4972222222222222,0.06924972701287728,36,0.9270833333333334,0.8645833333333334,0.9583333333333334,0.9166666666666667,0.9270833333333334,0.9479166666666667,0.9270833333333334,0.8854166666666667,0.9375,0.9375,0.8958333333333333,0.90625,0.9270833333333334,0.9166666666666667,0.9166666666666666,0.9194444444444445,0.023282020297555852,0.49642857142857144,0.25920329670329667,0.44352869352869356,0.4394345238095238,0.36125992063492063,0.47554563492063495,0.5075892857142857,0.49523809523809526,0.3926226551226551,0.466765873015873,0.4087436868686869,0.44791666666666674,0.3711309523809524,0.5915178571428571,0.4957837301587301,0.4435139628889629,0.07554041821893082,36,0.9223359973359974,0.8532238594738595,0.9569055944055944,0.917717698967699,0.9275203962703963,0.9482392607392607,0.9250603563103563,0.8845758408258408,0.9357392607392607,0.9328255078255079,0.8951798201798202,0.9028034465534466,0.921722027972028,0.9158716283716284,0.9158945221445222,0.9170410145410145,0.02475983670262566
0.20670207341512045,0.04155922405632838,0.02489919662475586,0.006839234037309253,3,50,"{'classifier__max_depth': 3, 'classifier__n_estimators': 50}",0.5208333333333334,0.4375,0.5208333333333334,0.5,0.3541666666666667,0.4583333333333333,0.5208333333333334,0.4583333333333333,0.4375,0.4791666666666667,0.4375,0.3958333333333333,0.4791666666666667,0.4791666666666667,0.4791666666666667,0.46388888888888896,0.045304184528611374,39,0.9479166666666666,0.9583333333333334,0.9583333333333334,0.9375,0.9375,0.9479166666666666,0.9583333333333334,0.96875,0.96875,0.9791666666666666,0.9270833333333334,0.96875,0.9583333333333334,0.9166666666666666,0.9166666666666666,0.95,0.01871137997959373,0.4875,0.36636904761904765,0.45243055555555556,0.3979166666666667,0.4180059523809524,0.39925595238095235,0.6270833333333333,0.3793898809523809,0.38303571428571426,0.40729166666666666,0.36413690476190474,0.3413690476190476,0.4765625,0.4229166666666666,0.4302083333333333,0.42356481481481484,0.06727640058527222,39,0.9575892857142858,0.9627976190476191,0.9642857142857143,0.9488095238095238,0.9436011904761905,0.9598214285714286,0.9627976190476191,0.9732142857142858,0.9732142857142858,0.9821428571428572,0.9345238095238095,0.9754464285714286,0.9650297619047619,0.9319196428571429,0.9293154761904763,0.9576339285714287,0.015984475052266283,0.5208333333333333,0.4375,0.5208333333333333,0.5,0.35416666666666663,0.4583333333333333,0.5208333333333333,0.4583333333333333,0.4375,0.47916666666666663,0.4375,0.3958333333333333,0.47916666666666663,0.47916666666666663,0.47916666666666663,0.4638888888888889,0.04530418452861135,39,0.9479166666666667,0.9583333333333334,0.9583333333333333,0.9375,0.9375,0.9479166666666666,0.9583333333333333,0.96875,0.96875,0.9791666666666667,0.9270833333333334,0.96875,0.9583333333333334,0.9166666666666667,0.9166666666666666,0.9499999999999998,0.01871137997959372,0.4706845238095238,0.3689980158730159,0.45148809523809524,0.43675595238095233,0.3275297619047619,0.4041666666666667,0.5248855311355312,0.36846590909090904,0.39196428571428577,0.41483134920634923,0.3861607142857143,0.3375,0.4480790043290043,0.42356150793650793,0.4375,0.4128380878380879,0.050333948441519165,39,0.9397165334665335,0.9581148018648019,0.9569055944055944,0.9343240093240093,0.9369484681984681,0.9466533466533467,0.9569784382284382,0.9685314685314685,0.9673951048951049,0.979020979020979,0.9275932400932401,0.9692182817182817,0.958801615051615,0.913407425907426,0.9134344821844822,0.9484695859695859,0.019618497632260968
0.3757777214050293,0.055399876682299815,0.03035426139831543,0.008212626074062136,3,100,"{'classifier__max_depth': 3, 'classifier__n_estimators': 100}",0.5625,0.4583333333333333,0.5416666666666666,0.5625,0.4791666666666667,0.5416666666666666,0.625,0.6041666666666666,0.4583333333333333,0.5416666666666666,0.4583333333333333,0.5625,0.4791666666666667,0.625,0.5,0.5333333333333333,0.0568257570707744,34,0.96875,0.9791666666666666,1.0,0.96875,0.9895833333333334,0.9791666666666666,0.9895833333333334,1.0,0.9791666666666666,0.9791666666666666,0.9479166666666666,0.96875,0.9791666666666666,0.9375,0.9895833333333334,0.9770833333333332,0.016666666666666673,0.5375,0.3900297619047619,0.5535714285714286,0.49166666666666664,0.4208333333333333,0.49925595238095233,0.6489583333333333,0.5330357142857143,0.4273809523809523,0.525,0.37916666666666665,0.603125,0.4296875,0.6020833333333333,0.4944940476190476,0.5023859126984127,0.07849869274662044,34,0.9732142857142858,0.9821428571428572,1.0,0.9732142857142858,0.9910714285714286,0.9821428571428572,0.9910714285714286,1.0,0.9821428571428572,0.9821428571428572,0.9538690476190477,0.9732142857142858,0.984375,0.9471726190476191,0.9910714285714286,0.9804563492063493,0.014377563800203559,0.5625,0.4583333333333333,0.5416666666666666,0.5625,0.47916666666666663,0.5416666666666666,0.625,0.6041666666666666,0.4583333333333333,0.5416666666666666,0.45833333333333326,0.5625,0.47916666666666663,0.625,0.5,0.5333333333333333,0.056825757070774405,34,0.96875,0.9791666666666667,1.0,0.96875,0.9895833333333334,0.9791666666666667,0.9895833333333334,1.0,0.9791666666666667,0.9791666666666667,0.9479166666666667,0.96875,0.9791666666666667,0.9375,0.9895833333333334,0.9770833333333332,0.016666666666666666,0.5193452380952381,0.37857142857142856,0.5053571428571428,0.5157738095238095,0.4328373015873016,0.4779761904761905,0.6009920634920634,0.5438988095238095,0.39885912698412695,0.4901289682539683,0.40386904761904757,0.5232142857142857,0.42010281385281384,0.590922619047619,0.4726190476190476,0.4849645262145261,0.06564308588337198,34,0.9685314685314685,0.9790209790209791,1.0,0.9685314685314685,0.9895104895104896,0.9790209790209791,0.9895104895104896,1.0,0.979020979020979,0.979020979020979,0.9476252913752914,0.9685314685314685,0.9797077922077921,0.9292998667998669,0.9895104895104896,0.9764561827061826,0.018074097188871176
0.5747886498769125,0.08736349008305175,0.03172149658203125,0.0059969497620790575,3,150,"{'classifier__max_depth': 3, 'classifier__n_estimators': 150}",0.5833333333333334,0.4166666666666667,0.5625,0.5833333333333334,0.4375,0.5416666666666666,0.5833333333333334,0.6041666666666666,0.5,0.5625,0.5,0.6875,0.4375,0.6666666666666666,0.5208333333333334,0.5458333333333333,0.07652765174419951,32,0.9791666666666666,0.9895833333333334,0.9895833333333334,0.96875,0.9895833333333334,1.0,0.9895833333333334,0.9895833333333334,0.9895833333333334,0.9791666666666666,0.9583333333333334,0.9791666666666666,1.0,0.96875,0.9895833333333334,0.9840277777777778,0.011326046132152847,0.58125,0.3553571428571428,0.5833333333333334,0.5416666666666666,0.3366071428571429,0.5617559523809523,0.5833333333333333,0.5729166666666666,0.396875,0.521875,0.47991071428571425,0.7135416666666666,0.3458333333333333,0.684375,0.5111607142857143,0.5179861111111111,0.1122872645670497,32,0.9821428571428572,0.9910714285714286,0.9910714285714286,0.9732142857142858,0.9910714285714286,1.0,0.9910714285714286,0.9910714285714286,0.9910714285714286,0.9821428571428572,0.9642857142857143,0.984375,1.0,0.9754464285714286,0.9910714285714286,0.9866071428571428,0.009470180105176964,0.5833333333333333,0.41666666666666663,0.5625,0.5833333333333333,0.4375,0.5416666666666666,0.5833333333333333,0.6041666666666666,0.5,0.5625,0.49999999999999994,0.6875,0.43749999999999994,0.6666666666666666,0.5208333333333333,0.5458333333333333,0.0765276517441995,32,0.9791666666666666,0.9895833333333334,0.9895833333333334,0.96875,0.9895833333333334,1.0,0.9895833333333334,0.9895833333333334,0.9895833333333334,0.9791666666666667,0.9583333333333334,0.9791666666666667,1.0,0.96875,0.9895833333333334,0.9840277777777778,0.01132604613215284,0.5412202380952381,0.3468521062271062,0.526438492063492,0.5494047619047618,0.3688988095238095,0.49925595238095244,0.560813492063492,0.5477678571428571,0.4163690476190476,0.5151785714285715,0.4505952380952381,0.6680059523809524,0.36309523809523814,0.6499999999999999,0.48794642857142856,0.4994561457061458,0.09335825477385963,32,0.9778846153846155,0.9895104895104896,0.9895104895104896,0.9685314685314685,0.9895104895104896,1.0,0.9895104895104896,0.9895104895104896,0.9895104895104896,0.979020979020979,0.9580419580419581,0.9797077922077922,1.0,0.9692182817182817,0.9895104895104896,0.9839319014319016,0.011362790535707478
0.7805716832478841,0.14095085367136623,0.03769041697184245,0.00898197276826088,3,200,"{'classifier__max_depth': 3, 'classifier__n_estimators': 200}",0.625,0.4583333333333333,0.5625,0.5208333333333334,0.4583333333333333,0.5625,0.5833333333333334,0.5625,0.5208333333333334,0.5833333333333334,0.5,0.5416666666666666,0.4583333333333333,0.6666666666666666,0.5416666666666666,0.5430555555555556,0.05816775442047757,33,0.9791666666666666,0.9895833333333334,0.9791666666666666,0.96875,0.9895833333333334,1.0,0.9895833333333334,0.9895833333333334,0.9895833333333334,0.96875,0.9791666666666666,0.9895833333333334,1.0,0.9895833333333334,0.9895833333333334,0.9861111111111112,0.00905444778500369,0.6166666666666667,0.3973958333333333,0.5528273809523809,0.47604166666666664,0.39427083333333335,0.5117559523809524,0.5635416666666666,0.565029761904762,0.44895833333333335,0.49479166666666663,0.5163690476190477,0.5989583333333334,0.36822916666666666,0.6739583333333333,0.5330357142857143,0.5141220238095238,0.08386685786905589,33,0.9821428571428572,0.9910714285714286,0.9821428571428572,0.9732142857142858,0.9910714285714286,1.0,0.9910714285714286,0.9910714285714286,0.9910714285714286,0.9732142857142858,0.9821428571428572,0.9910714285714286,1.0,0.9910714285714286,0.9910714285714286,0.9880952380952382,0.00776095524428884,0.625,0.45833333333333326,0.5625,0.5208333333333333,0.45833333333333326,0.5625,0.5833333333333333,0.5625,0.5208333333333333,0.5833333333333333,0.5,0.5416666666666666,0.4583333333333333,0.6666666666666666,0.5416666666666666,0.5430555555555555,0.05816775442047758,33,0.9791666666666666,0.9895833333333334,0.9791666666666667,0.96875,0.9895833333333334,1.0,0.9895833333333334,0.9895833333333334,0.9895833333333334,0.96875,0.9791666666666667,0.9895833333333334,1.0,0.9895833333333334,0.9895833333333334,0.9861111111111112,0.00905444778500368,0.5889880952380953,0.3873647186147186,0.5318452380952381,0.48898809523809517,0.3925730519480519,0.5023809523809524,0.5499503968253967,0.5056547619047619,0.45545634920634925,0.5203869047619047,0.4708333333333333,0.5228670634920635,0.3892992424242424,0.644047619047619,0.49667658730158726,0.496487493987494,0.06948281281230938,33,0.9778846153846155,0.9895104895104896,0.979020979020979,0.9685314685314685,0.9895104895104896,1.0,0.9895104895104896,0.9895104895104896,0.9895104895104896,0.9673951048951049,0.9790209790209791,0.9895104895104896,1.0,0.9895104895104896,0.9895104895104896,0.985862470862471,0.009326911698624539
0.21297149658203124,0.03314295232243996,0.02563959757486979,0.005859135510334698,4,50,"{'classifier__max_depth': 4, 'classifier__n_estimators': 50}",0.5,0.5416666666666666,0.5833333333333334,0.5,0.5,0.5833333333333334,0.5416666666666666,0.6041666666666666,0.5416666666666666,0.4583333333333333,0.4583333333333333,0.4791666666666667,0.4791666666666667,0.5625,0.5625,0.5263888888888889,0.0459384316903923,35,1.0,0.9791666666666666,0.9791666666666666,0.96875,0.9791666666666666,1.0,0.9895833333333334,1.0,0.9895833333333334,0.9791666666666666,0.9895833333333334,1.0,1.0,0.9583333333333334,1.0,0.9875,0.01272937693043289,0.475,0.4682291666666667,0.5739583333333333,0.4510416666666667,0.46949404761904756,0.5583333333333333,0.5635416666666666,0.609375,0.4583333333333333,0.32395833333333335,0.465625,0.44449404761904754,0.4151041666666666,0.5272321428571428,0.5192708333333333,0.4881994047619047,0.06978812772358936,35,1.0,0.9821428571428572,0.9821428571428572,0.9717261904761905,0.9806547619047619,1.0,0.9910714285714286,1.0,0.9910714285714286,0.9821428571428572,0.9910714285714286,1.0,1.0,0.9627976190476191,1.0,0.9889880952380953,0.011356419064487441,0.49999999999999994,0.5416666666666666,0.5833333333333333,0.5,0.49999999999999994,0.5833333333333333,0.5416666666666666,0.6041666666666666,0.5416666666666666,0.4583333333333333,0.4583333333333333,0.47916666666666663,0.47916666666666663,0.5625,0.5625,0.5263888888888889,0.0459384316903923,35,1.0,0.9791666666666667,0.9791666666666666,0.96875,0.9791666666666667,1.0,0.9895833333333334,1.0,0.9895833333333334,0.9791666666666667,0.9895833333333334,1.0,1.0,0.9583333333333334,1.0,0.9875,0.012729376930432877,0.44905753968253964,0.47545995670995667,0.5392857142857143,0.4666666666666667,0.45803571428571427,0.532390873015873,0.5149305555555556,0.5770833333333333,0.48348214285714286,0.3667162698412698,0.44107142857142856,0.419890873015873,0.4333468614718614,0.5214285714285714,0.5174242424242423,0.4797513828763829,0.05279490541799404,35,1.0,0.9790209790209791,0.9778846153846155,0.9686043123543124,0.9790938228438228,1.0,0.9895104895104896,1.0,0.9895104895104896,0.979020979020979,0.9895104895104896,1.0,1.0,0.9581148018648019,1.0,0.9873513986013986,0.01284974417083021
0.4217800299326579,0.06285876958233583,0.02913060188293457,0.006020635550387431,4,100,"{'classifier__max_depth': 4, 'classifier__n_estimators': 100}",0.6041666666666666,0.4791666666666667,0.5833333333333334,0.6041666666666666,0.4791666666666667,0.5833333333333334,0.6458333333333334,0.6458333333333334,0.5416666666666666,0.5416666666666666,0.5,0.5625,0.4791666666666667,0.6666666666666666,0.625,0.5694444444444445,0.06211299937499416,30,1.0,0.9895833333333334,1.0,0.9791666666666666,1.0,1.0,1.0,1.0,0.9895833333333334,0.9791666666666666,1.0,1.0,1.0,0.9895833333333334,1.0,0.9951388888888889,0.007479395565464595,0.590625,0.40773809523809523,0.5708333333333333,0.5479166666666666,0.4251488095238095,0.5449404761904761,0.640625,0.6614583333333333,0.4236607142857143,0.47812499999999997,0.55,0.453125,0.4161458333333333,0.671875,0.63125,0.5342311507936508,0.09118883002152599,30,1.0,0.9910714285714286,1.0,0.9821428571428572,1.0,1.0,1.0,1.0,0.9910714285714286,0.9821428571428572,1.0,1.0,1.0,0.9910714285714286,1.0,0.9958333333333333,0.006410910484683911,0.6041666666666666,0.47916666666666663,0.5833333333333333,0.6041666666666666,0.47916666666666663,0.5833333333333333,0.6458333333333333,0.6458333333333333,0.5416666666666666,0.5416666666666666,0.5,0.5625,0.47916666666666663,0.6666666666666666,0.625,0.5694444444444445,0.06211299937499415,30,1.0,0.9895833333333334,1.0,0.9791666666666667,1.0,1.0,1.0,1.0,0.9895833333333334,0.9791666666666667,1.0,1.0,1.0,0.9895833333333334,1.0,0.9951388888888889,0.007479395565464563,0.5584325396825397,0.4074404761904762,0.5599206349206349,0.5671130952380952,0.4385416666666667,0.5261904761904761,0.6165178571428571,0.6282738095238094,0.4587301587301587,0.48050595238095234,0.4843253968253969,0.4836309523809524,0.427245670995671,0.646875,0.5909226190476191,0.5249777537277537,0.07435986406217054,30,1.0,0.9895104895104896,1.0,0.979020979020979,1.0,1.0,1.0,1.0,0.9895104895104896,0.979020979020979,1.0,1.0,1.0,0.9895104895104896,1.0,0.9951048951048951,0.0075316990309573575
0.8236835479736329,0.16679325211171364,0.04755021731058757,0.015358972374052626,4,150,"{'classifier__max_depth': 4, 'classifier__n_estimators': 150}",0.625,0.4583333333333333,0.5833333333333334,0.625,0.5208333333333334,0.5833333333333334,0.625,0.6666666666666666,0.5833333333333334,0.5625,0.4791666666666667,0.5625,0.4791666666666667,0.6458333333333334,0.6458333333333334,0.576388888888889,0.06394924685122966,27,1.0,0.9895833333333334,1.0,0.9895833333333334,1.0,1.0,1.0,1.0,1.0,0.9791666666666666,1.0,1.0,1.0,0.9895833333333334,1.0,0.9965277777777779,0.006211299937499415,0.5958333333333333,0.43303571428571425,0.5791666666666666,0.590625,0.49166666666666664,0.5989583333333333,0.625,0.684375,0.5854166666666667,0.4458333333333333,0.5163690476190477,0.5135416666666666,0.4179315476190476,0.640625,0.715625,0.5622668650793651,0.0868556326643946,25,1.0,0.9910714285714286,1.0,0.9910714285714286,1.0,1.0,1.0,1.0,1.0,0.9821428571428572,1.0,1.0,1.0,0.9910714285714286,1.0,0.9970238095238096,0.0053239713749994805,0.625,0.45833333333333326,0.5833333333333333,0.625,0.5208333333333333,0.5833333333333333,0.625,0.6666666666666666,0.5833333333333333,0.5625,0.47916666666666663,0.5625,0.47916666666666663,0.6458333333333333,0.6458333333333333,0.576388888888889,0.06394924685122967,27,1.0,0.9895833333333334,1.0,0.9895833333333334,1.0,1.0,1.0,1.0,1.0,0.9791666666666667,1.0,1.0,1.0,0.9895833333333334,1.0,0.9965277777777779,0.006211299937499394,0.5741071428571428,0.39851190476190473,0.5570932539682539,0.5977678571428571,0.47867965367965365,0.5431051587301587,0.5858630952380952,0.6608630952380952,0.5512896825396825,0.4900297619047619,0.4498511904761905,0.5233630952380952,0.41474567099567095,0.6236607142857142,0.6357142857142857,0.5389763708513708,0.07666114465281042,28,1.0,0.9895104895104896,1.0,0.9895104895104896,1.0,1.0,1.0,1.0,1.0,0.979020979020979,1.0,1.0,1.0,0.9895104895104896,1.0,0.9965034965034966,0.006254735601398008
0.8618257363637288,0.14051038930982476,0.04157098134358724,0.01554313895611833,4,200,"{'classifier__max_depth': 4, 'classifier__n_estimators': 200}",0.6041666666666666,0.4791666666666667,0.5833333333333334,0.5833333333333334,0.5208333333333334,0.5833333333333334,0.6458333333333334,0.6666666666666666,0.5625,0.5416666666666666,0.4791666666666667,0.5625,0.4791666666666667,0.6458333333333334,0.6458333333333334,0.5722222222222223,0.06126873611142438,29,1.0,0.9895833333333334,1.0,0.9895833333333334,1.0,1.0,0.9895833333333334,1.0,1.0,0.9895833333333334,1.0,1.0,1.0,1.0,1.0,0.9972222222222222,0.00460642331993804,0.5583333333333333,0.453125,0.5876488095238095,0.521875,0.4786458333333333,0.578125,0.6322916666666667,0.680952380952381,0.5125,0.41145833333333337,0.45729166666666665,0.5885416666666667,0.39947916666666666,0.6510416666666666,0.665625,0.5451289682539682,0.08870364529950919,29,1.0,0.9910714285714286,1.0,0.9910714285714286,1.0,1.0,0.9910714285714286,1.0,1.0,0.9910714285714286,1.0,1.0,1.0,1.0,1.0,0.9976190476190477,0.003948362845661177,0.6041666666666666,0.47916666666666663,0.5833333333333333,0.5833333333333333,0.5208333333333333,0.5833333333333333,0.6458333333333333,0.6666666666666666,0.5625,0.5416666666666666,0.47916666666666663,0.5625,0.47916666666666663,0.6458333333333333,0.6458333333333333,0.5722222222222223,0.061268736111424374,29,1.0,0.9895833333333334,1.0,0.9895833333333334,1.0,1.0,0.9895833333333334,1.0,1.0,0.9895833333333334,1.0,1.0,1.0,1.0,1.0,0.9972222222222222,0.00460642331993804,0.5566964285714285,0.42681277056277056,0.5577380952380953,0.5433035714285714,0.4692099567099567,0.5374503968253969,0.6038690476190476,0.6541666666666667,0.5022321428571428,0.4620535714285714,0.444047619047619,0.5372519841269842,0.4080492424242424,0.6242559523809524,0.6102678571428571,0.5291603535353535,0.07300608439577916,29,1.0,0.9895104895104896,1.0,0.9895104895104896,1.0,1.0,0.9895104895104896,1.0,1.0,0.9895104895104896,1.0,1.0,1.0,1.0,1.0,0.9972027972027973,0.004638636070427099
0.258862559000651,0.038975161608853746,0.024869902928670248,0.005706699931249626,5,50,"{'classifier__max_depth': 5, 'classifier__n_estimators': 50}",0.5833333333333334,0.5,0.5416666666666666,0.6041666666666666,0.4791666666666667,0.5208333333333334,0.5416666666666666,0.5625,0.5625,0.4791666666666667,0.5208333333333334,0.5,0.4791666666666667,0.6666666666666666,0.7083333333333334,0.5500000000000002,0.06579288490181673,31,1.0,1.0,1.0,1.0,1.0,1.0,1.0,1.0,0.9895833333333334,1.0,0.9895833333333334,1.0,1.0,0.9895833333333334,1.0,0.9979166666666668,0.004166666666666652,0.5083333333333333,0.48385416666666664,0.5739583333333333,0.5572916666666667,0.43854166666666666,0.48035714285714287,0.5309523809523808,0.5941964285714285,0.5444940476190476,0.42708333333333337,0.5375,0.4520833333333333,0.4007440476190476,0.6739583333333332,0.70625,0.5273065476190476,0.08388194116506048,31,1.0,1.0,1.0,1.0,1.0,1.0,1.0,1.0,0.9910714285714286,1.0,0.9910714285714286,1.0,1.0,0.9910714285714286,1.0,0.9982142857142857,0.0035714285714285587,0.5833333333333333,0.49999999999999994,0.5416666666666666,0.6041666666666666,0.47916666666666663,0.5208333333333333,0.5416666666666666,0.5625,0.5625,0.47916666666666663,0.5208333333333333,0.5,0.47916666666666663,0.6666666666666666,0.7083333333333333,0.55,0.06579288490181673,31,1.0,1.0,1.0,1.0,1.0,1.0,1.0,1.0,0.9895833333333334,1.0,0.9895833333333334,1.0,1.0,0.9895833333333334,1.0,0.9979166666666668,0.004166666666666652,0.5270833333333333,0.44435876623376624,0.5206349206349206,0.5660218253968254,0.42261904761904756,0.475,0.5032738095238095,0.5330357142857143,0.5244047619047619,0.4319940476190476,0.5049107142857143,0.44880952380952377,0.4223214285714285,0.6494047619047618,0.6704861111111111,0.5096239177489177,0.07313274037203663,31,1.0,1.0,1.0,1.0,1.0,1.0,1.0,1.0,0.9895104895104896,1.0,0.9895104895104896,1.0,1.0,0.9895104895104896,1.0,0.997902097902098,0.004195804195804165
0.4591755549112956,0.1069880868770638,0.030117177963256837,0.007299959930469893,5,100,"{'classifier__max_depth': 5, 'classifier__n_estimators': 100}",0.5416666666666666,0.5,0.5625,0.625,0.4791666666666667,0.5208333333333334,0.6458333333333334,0.7291666666666666,0.5,0.5208333333333334,0.5416666666666666,0.625,0.5,0.7083333333333334,0.6875,0.5791666666666667,0.08093779046851926,26,1.0,0.9895833333333334,1.0,1.0,1.0,1.0,1.0,1.0,1.0,1.0,1.0,1.0,1.0,1.0,1.0,0.9993055555555556,0.002598373185259673,0.459375,0.4441964285714286,0.5625,0.56875,0.4177083333333333,0.4834821428571428,0.665625,0.7517857142857143,0.4661458333333333,0.4083333333333333,0.5635416666666666,0.640625,0.4098958333333333,0.7416666666666667,0.640625,0.5482837301587301,0.11429746364903201,28,1.0,0.9910714285714286,1.0,1.0,1.0,1.0,1.0,1.0,1.0,1.0,1.0,1.0,1.0,1.0,1.0,0.9994047619047619,0.0022271770159368615,0.5416666666666666,0.5,0.5625,0.625,0.47916666666666663,0.5208333333333333,0.6458333333333333,0.7291666666666666,0.5,0.5208333333333333,0.5416666666666666,0.625,0.5,0.7083333333333333,0.6875,0.5791666666666667,0.08093779046851926,26,1.0,0.9895833333333334,1.0,1.0,1.0,1.0,1.0,1.0,1.0,1.0,1.0,1.0,1.0,1.0,1.0,0.9993055555555556,0.002598373185259673,0.4816964285714286,0.4354166666666667,0.526140873015873,0.5879464285714285,0.4407242063492063,0.473015873015873,0.6319444444444444,0.7072916666666667,0.46286075036075036,0.4480654761904762,0.5187003968253968,0.6078373015873015,0.43453733766233765,0.6970238095238095,0.6513392857142857,0.5403027296777297,0.09495355334524862,27,1.0,0.9895104895104896,1.0,1.0,1.0,1.0,1.0,1.0,1.0,1.0,1.0,1.0,1.0,1.0,1.0,0.9993006993006993,0.0026165436271146252
0.71910400390625,0.09178201798711523,0.03552257219950358,0.009494602274551773,5,150,"{'classifier__max_depth': 5, 'classifier__n_estimators': 150}",0.5625,0.4583333333333333,0.5625,0.625,0.5416666666666666,0.5416666666666666,0.6458333333333334,0.7291666666666666,0.6041666666666666,0.5416666666666666,0.5208333333333334,0.625,0.4791666666666667,0.7083333333333334,0.6458333333333334,0.5861111111111111,0.07525676213413371,24,1.0,1.0,1.0,1.0,1.0,1.0,1.0,1.0,1.0,1.0,1.0,1.0,1.0,1.0,1.0,1.0,0.0,0.5395833333333333,0.3880208333333333,0.484375,0.5666666666666667,0.5074404761904762,0.5126488095238095,0.684375,0.7514880952380952,0.6407738095238095,0.45625000000000004,0.49583333333333335,0.5770833333333334,0.42447916666666663,0.7291666666666667,0.6552083333333333,0.5608928571428571,0.10665593514986751,26,1.0,1.0,1.0,1.0,1.0,1.0,1.0,1.0,1.0,1.0,1.0,1.0,1.0,1.0,1.0,1.0,0.0,0.5625,0.4583333333333333,0.5625,0.625,0.5416666666666666,0.5416666666666666,0.6458333333333333,0.7291666666666666,0.6041666666666666,0.5416666666666666,0.5208333333333333,0.625,0.47916666666666663,0.7083333333333333,0.6458333333333333,0.5861111111111111,0.0752567621341337,24,1.0,1.0,1.0,1.0,1.0,1.0,1.0,1.0,1.0,1.0,1.0,1.0,1.0,1.0,1.0,1.0,0.0,0.5062500000000001,0.3909361471861472,0.4962301587301587,0.5849702380952381,0.5078869047619048,0.49627976190476186,0.6350694444444445,0.7050595238095237,0.5880952380952381,0.46964285714285714,0.48244047619047614,0.5866071428571429,0.41891233766233765,0.6938988095238094,0.6214285714285714,0.5455805074555075,0.09084122510112135,24,1.0,1.0,1.0,1.0,1.0,1.0,1.0,1.0,1.0,1.0,1.0,1.0,1.0,1.0,1.0,1.0,0.0
0.9007578531901042,0.15474323867953688,0.04130220413208008,0.013648673066866075,5,200,"{'classifier__max_depth': 5, 'classifier__n_estimators': 200}",0.6041666666666666,0.5,0.5416666666666666,0.5833333333333334,0.5416666666666666,0.5833333333333334,0.6666666666666666,0.6875,0.5625,0.5208333333333334,0.5208333333333334,0.625,0.4791666666666667,0.6458333333333334,0.7083333333333334,0.5847222222222223,0.06781419786518723,25,1.0,1.0,1.0,1.0,1.0,1.0,1.0,1.0,1.0,1.0,1.0,1.0,1.0,1.0,1.0,1.0,0.0,0.5854166666666667,0.484375,0.4532738095238095,0.5322916666666666,0.4921875,0.5907738095238095,0.6572916666666666,0.7465773809523809,0.5288690476190476,0.428125,0.48958333333333337,0.5729166666666666,0.42968749999999994,0.7,0.66875,0.5573412698412699,0.09665509317242908,27,1.0,1.0,1.0,1.0,1.0,1.0,1.0,1.0,1.0,1.0,1.0,1.0,1.0,1.0,1.0,1.0,0.0,0.6041666666666666,0.49999999999999994,0.5416666666666666,0.5833333333333333,0.5416666666666666,0.5833333333333333,0.6666666666666666,0.6875,0.5625,0.5208333333333333,0.5208333333333333,0.625,0.47916666666666663,0.6458333333333333,0.7083333333333333,0.5847222222222223,0.06781419786518725,25,1.0,1.0,1.0,1.0,1.0,1.0,1.0,1.0,1.0,1.0,1.0,1.0,1.0,1.0,1.0,1.0,0.0,0.5619047619047619,0.4500270562770563,0.47291666666666665,0.5464781746031746,0.49971590909090907,0.5436011904761905,0.6382440476190476,0.6678075396825396,0.5212797619047619,0.46071428571428574,0.4772321428571428,0.5876488095238095,0.4218885281385282,0.6391865079365079,0.6687500000000001,0.5438263588263588,0.07904920039926783,25,1.0,1.0,1.0,1.0,1.0,1.0,1.0,1.0,1.0,1.0,1.0,1.0,1.0,1.0,1.0,1.0,0.0
0.2602250576019287,0.04292627934119551,0.026412502924601237,0.009236662318261315,6,50,"{'classifier__max_depth': 6, 'classifier__n_estimators': 50}",0.5833333333333334,0.5416666666666666,0.4583333333333333,0.6041666666666666,0.5625,0.625,0.6041666666666666,0.6666666666666666,0.6041666666666666,0.5416666666666666,0.6041666666666666,0.5833333333333334,0.4791666666666667,0.6458333333333334,0.7083333333333334,0.5875000000000001,0.06328214305496954,23,1.0,1.0,1.0,0.9895833333333334,1.0,1.0,1.0,1.0,0.9895833333333334,1.0,1.0,1.0,1.0,1.0,1.0,0.9986111111111112,0.0035409857733283106,0.5447916666666667,0.5372023809523809,0.4491071428571428,0.6312499999999999,0.4965773809523809,0.6729166666666666,0.6413690476190476,0.6302083333333333,0.6011904761904762,0.5507440476190476,0.6125,0.5635416666666666,0.4132440476190476,0.671875,0.7473958333333333,0.5842609126984127,0.08615502072688866,18,1.0,1.0,1.0,0.9910714285714286,1.0,1.0,1.0,1.0,0.9910714285714286,1.0,1.0,1.0,1.0,1.0,1.0,0.9988095238095238,0.003035130662852838,0.5833333333333333,0.5416666666666666,0.45833333333333326,0.6041666666666666,0.5625,0.625,0.6041666666666666,0.6666666666666666,0.6041666666666666,0.5416666666666666,0.6041666666666666,0.5833333333333333,0.47916666666666663,0.6458333333333333,0.7083333333333333,0.5875000000000001,0.06328214305496954,23,1.0,1.0,1.0,0.9895833333333334,1.0,1.0,1.0,1.0,0.9895833333333334,1.0,1.0,1.0,1.0,1.0,1.0,0.9986111111111112,0.0035409857733283106,0.5385416666666667,0.49464285714285705,0.42837301587301585,0.5995535714285714,0.502529761904762,0.6014880952380952,0.5989583333333333,0.6291666666666667,0.5758928571428571,0.5101190476190476,0.5818452380952381,0.5499503968253968,0.4282242063492063,0.6245535714285714,0.6888528138528138,0.55684613997114,0.07129880960677797,23,1.0,1.0,1.0,0.9895104895104896,1.0,1.0,1.0,1.0,0.9895104895104896,1.0,1.0,1.0,1.0,1.0,1.0,0.9986013986013986,0.003565747911603319
0.5069226423899332,0.12906946908553524,0.03396979967753092,0.015982931004700312,6,100,"{'classifier__max_depth': 6, 'classifier__n_estimators': 100}",0.625,0.5833333333333334,0.5208333333333334,0.625,0.5208333333333334,0.6458333333333334,0.625,0.7291666666666666,0.5833333333333334,0.5625,0.5416666666666666,0.5625,0.4791666666666667,0.6666666666666666,0.6458333333333334,0.5944444444444446,0.06358623967921997,20,1.0,1.0,1.0,1.0,1.0,1.0,1.0,1.0,1.0,1.0,1.0,1.0,1.0,1.0,1.0,1.0,0.0,0.575,0.5520833333333333,0.5501488095238095,0.5979166666666667,0.43854166666666666,0.6229166666666667,0.6663690476190476,0.7257440476190475,0.621875,0.49583333333333335,0.553125,0.5583333333333333,0.4285714285714286,0.6947916666666667,0.5958333333333333,0.5784722222222223,0.08120852018883093,21,1.0,1.0,1.0,1.0,1.0,1.0,1.0,1.0,1.0,1.0,1.0,1.0,1.0,1.0,1.0,1.0,0.0,0.625,0.5833333333333333,0.5208333333333333,0.625,0.5208333333333333,0.6458333333333333,0.625,0.7291666666666666,0.5833333333333333,0.5625,0.5416666666666666,0.5625,0.47916666666666663,0.6666666666666666,0.6458333333333333,0.5944444444444446,0.06358623967921999,20,1.0,1.0,1.0,1.0,1.0,1.0,1.0,1.0,1.0,1.0,1.0,1.0,1.0,1.0,1.0,1.0,0.0,0.5720238095238095,0.5324404761904762,0.5028273809523809,0.5985119047619047,0.4639384920634921,0.5983630952380952,0.6136904761904762,0.7105654761904763,0.5796130952380952,0.5172619047619047,0.5135416666666667,0.5342261904761905,0.4285714285714286,0.6479166666666667,0.6011904761904762,0.5609788359788361,0.07006050824900982,18,1.0,1.0,1.0,1.0,1.0,1.0,1.0,1.0,1.0,1.0,1.0,1.0,1.0,1.0,1.0,1.0,0.0
0.7117945353190104,0.11213549715622309,0.03512624104817708,0.006789283635392822,6,150,"{'classifier__max_depth': 6, 'classifier__n_estimators': 150}",0.625,0.5625,0.625,0.5833333333333334,0.5416666666666666,0.6666666666666666,0.6666666666666666,0.6875,0.5625,0.5416666666666666,0.5416666666666666,0.5625,0.5,0.625,0.6666666666666666,0.5972222222222222,0.056245713142546075,16,1.0,1.0,1.0,1.0,1.0,1.0,1.0,1.0,1.0,1.0,1.0,1.0,1.0,1.0,1.0,1.0,0.0,0.6593749999999999,0.5944940476190477,0.7020833333333333,0.54375,0.4980654761904762,0.6416666666666666,0.6819940476190476,0.7090773809523809,0.5766369047619048,0.48020833333333335,0.5538690476190475,0.5406249999999999,0.4337797619047619,0.625,0.6708333333333333,0.5940972222222223,0.0821326782762435,16,1.0,1.0,1.0,1.0,1.0,1.0,1.0,1.0,1.0,1.0,1.0,1.0,1.0,1.0,1.0,1.0,0.0,0.625,0.5625,0.625,0.5833333333333333,0.5416666666666666,0.6666666666666666,0.6666666666666666,0.6875,0.5625,0.5416666666666666,0.5416666666666666,0.5625,0.5,0.625,0.6666666666666666,0.5972222222222222,0.056245713142546075,16,1.0,1.0,1.0,1.0,1.0,1.0,1.0,1.0,1.0,1.0,1.0,1.0,1.0,1.0,1.0,1.0,0.0,0.5921130952380952,0.5327380952380952,0.6367063492063492,0.5566964285714286,0.49419642857142854,0.6282738095238095,0.6395833333333333,0.6681547619047619,0.5364583333333333,0.4958333333333333,0.5067956349206348,0.5397321428571429,0.4330357142857143,0.5941964285714285,0.6428571428571429,0.566491402116402,0.06639640619221807,17,1.0,1.0,1.0,1.0,1.0,1.0,1.0,1.0,1.0,1.0,1.0,1.0,1.0,1.0,1.0,1.0,0.0
0.9471811612447103,0.13647322965285208,0.04071571032206218,0.013135274474641589,6,200,"{'classifier__max_depth': 6, 'classifier__n_estimators': 200}",0.6041666666666666,0.6041666666666666,0.625,0.5833333333333334,0.5208333333333334,0.6458333333333334,0.6458333333333334,0.6875,0.5833333333333334,0.5416666666666666,0.5208333333333334,0.5625,0.5,0.6666666666666666,0.6666666666666666,0.5972222222222221,0.05726535591135639,18,1.0,1.0,1.0,1.0,1.0,1.0,1.0,1.0,1.0,1.0,1.0,1.0,1.0,1.0,1.0,1.0,0.0,0.5958333333333333,0.6598958333333333,0.6770833333333333,0.5208333333333333,0.45014880952380953,0.6364583333333333,0.6767857142857143,0.6869791666666667,0.5416666666666666,0.5278273809523809,0.46949404761904756,0.5239583333333333,0.44635416666666666,0.63125,0.6510416666666666,0.5797073412698414,0.08386412177471571,20,1.0,1.0,1.0,1.0,1.0,1.0,1.0,1.0,1.0,1.0,1.0,1.0,1.0,1.0,1.0,1.0,0.0,0.6041666666666666,0.6041666666666666,0.625,0.5833333333333333,0.5208333333333333,0.6458333333333333,0.6458333333333333,0.6875,0.5833333333333333,0.5416666666666666,0.5208333333333333,0.5625,0.5,0.6666666666666666,0.6666666666666666,0.5972222222222221,0.057265355911356404,18,1.0,1.0,1.0,1.0,1.0,1.0,1.0,1.0,1.0,1.0,1.0,1.0,1.0,1.0,1.0,1.0,0.0,0.5598214285714286,0.5845373376623377,0.6169642857142856,0.544047619047619,0.4715773809523809,0.6110615079365079,0.6160714285714286,0.6480790043290043,0.5403769841269841,0.49925595238095233,0.47599206349206347,0.5333333333333333,0.4437635281385281,0.6323908730158729,0.6276785714285714,0.5603300865800865,0.06356242681050374,19,1.0,1.0,1.0,1.0,1.0,1.0,1.0,1.0,1.0,1.0,1.0,1.0,1.0,1.0,1.0,1.0,0.0
0.28734784126281737,0.039870087743035194,0.027941528956095377,0.0051799151704377345,7,50,"{'classifier__max_depth': 7, 'classifier__n_estimators': 50}",0.5625,0.5416666666666666,0.5833333333333334,0.6041666666666666,0.5416666666666666,0.6041666666666666,0.625,0.5625,0.625,0.5,0.5,0.625,0.4583333333333333,0.625,0.6875,0.5763888888888888,0.05876165500362828,28,1.0,1.0,1.0,1.0,1.0,1.0,1.0,1.0,1.0,1.0,1.0,1.0,1.0,1.0,1.0,1.0,0.0,0.50625,0.5049107142857142,0.5822916666666667,0.5541666666666667,0.45416666666666666,0.5854166666666666,0.6572916666666666,0.584375,0.6015625,0.5010416666666666,0.5572916666666666,0.628125,0.3569940476190476,0.6520833333333333,0.7319940476190476,0.5638640873015873,0.0884164266427212,24,1.0,1.0,1.0,1.0,1.0,1.0,1.0,1.0,1.0,1.0,1.0,1.0,1.0,1.0,1.0,1.0,0.0,0.5625,0.5416666666666666,0.5833333333333333,0.6041666666666666,0.5416666666666666,0.6041666666666666,0.625,0.5625,0.625,0.5,0.5,0.625,0.4583333333333333,0.625,0.6875,0.5763888888888888,0.058761655003628274,28,1.0,1.0,1.0,1.0,1.0,1.0,1.0,1.0,1.0,1.0,1.0,1.0,1.0,1.0,1.0,1.0,0.0,0.5002976190476189,0.48690476190476184,0.5572916666666666,0.5751488095238095,0.48377976190476185,0.5642361111111112,0.6142361111111111,0.5385416666666667,0.5948051948051948,0.4721726190476191,0.4837797619047619,0.588640873015873,0.3855654761904762,0.6047619047619047,0.6565476190476192,0.5404473304473304,0.06828681676826595,26,1.0,1.0,1.0,1.0,1.0,1.0,1.0,1.0,1.0,1.0,1.0,1.0,1.0,1.0,1.0,1.0,0.0
0.571913480758667,0.08982723292574833,0.0328454335530599,0.008916406026663024,7,100,"{'classifier__max_depth': 7, 'classifier__n_estimators': 100}",0.5833333333333334,0.5833333333333334,0.625,0.6666666666666666,0.5416666666666666,0.6458333333333334,0.6458333333333334,0.7083333333333334,0.6041666666666666,0.5,0.5416666666666666,0.5625,0.4583333333333333,0.6458333333333334,0.6458333333333334,0.5972222222222222,0.06529255151968423,16,1.0,1.0,1.0,1.0,1.0,1.0,1.0,1.0,1.0,1.0,1.0,1.0,1.0,1.0,1.0,1.0,0.0,0.5843749999999999,0.5489583333333333,0.7071428571428571,0.609375,0.44375,0.5885416666666666,0.690625,0.6903273809523809,0.5572916666666666,0.4677083333333333,0.5145833333333334,0.5364583333333333,0.38199404761904765,0.6416666666666666,0.63125,0.5729365079365079,0.09137671990089329,23,1.0,1.0,1.0,1.0,1.0,1.0,1.0,1.0,1.0,1.0,1.0,1.0,1.0,1.0,1.0,1.0,0.0,0.5833333333333333,0.5833333333333333,0.625,0.6666666666666666,0.5416666666666666,0.6458333333333333,0.6458333333333333,0.7083333333333333,0.6041666666666666,0.49999999999999994,0.5416666666666666,0.5625,0.45833333333333326,0.6458333333333333,0.6458333333333333,0.5972222222222222,0.06529255151968422,16,1.0,1.0,1.0,1.0,1.0,1.0,1.0,1.0,1.0,1.0,1.0,1.0,1.0,1.0,1.0,1.0,0.0,0.5525297619047619,0.5375,0.6120535714285714,0.628125,0.4796130952380952,0.6021825396825397,0.6255952380952381,0.6702380952380953,0.5654761904761905,0.459672619047619,0.49374999999999997,0.5344742063492063,0.39761904761904765,0.6168154761904763,0.6126488095238096,0.5592195767195768,0.0730770243576603,21,1.0,1.0,1.0,1.0,1.0,1.0,1.0,1.0,1.0,1.0,1.0,1.0,1.0,1.0,1.0,1.0,0.0
0.7383319060007731,0.1147738156002601,0.03550076484680176,0.007871546162165769,7,150,"{'classifier__max_depth': 7, 'classifier__n_estimators': 150}",0.6041666666666666,0.6041666666666666,0.6875,0.625,0.5625,0.6458333333333334,0.6666666666666666,0.6666666666666666,0.5833333333333334,0.5625,0.5416666666666666,0.6666666666666666,0.5,0.6875,0.6458333333333334,0.6166666666666668,0.055277079839256664,14,1.0,1.0,1.0,1.0,1.0,1.0,1.0,1.0,1.0,1.0,1.0,1.0,1.0,1.0,1.0,1.0,0.0,0.628125,0.6778273809523809,0.7403273809523809,0.5770833333333333,0.5122023809523809,0.5947916666666666,0.690625,0.7145833333333333,0.559375,0.5666666666666667,0.5278273809523809,0.6989583333333333,0.4296130952380952,0.6770833333333333,0.6354166666666666,0.6153670634920635,0.08429775107046403,12,1.0,1.0,1.0,1.0,1.0,1.0,1.0,1.0,1.0,1.0,1.0,1.0,1.0,1.0,1.0,1.0,0.0,0.6041666666666666,0.6041666666666666,0.6875,0.625,0.5625,0.6458333333333333,0.6666666666666666,0.6666666666666666,0.5833333333333333,0.5625,0.5416666666666666,0.6666666666666666,0.5,0.6875,0.6458333333333333,0.6166666666666668,0.05527707983925666,14,1.0,1.0,1.0,1.0,1.0,1.0,1.0,1.0,1.0,1.0,1.0,1.0,1.0,1.0,1.0,1.0,0.0,0.5813988095238096,0.575,0.6834325396825396,0.5931547619047619,0.5126488095238095,0.6005952380952382,0.649702380952381,0.6502480158730158,0.5404265873015872,0.5376488095238096,0.49523809523809526,0.6496527777777777,0.43854166666666666,0.6703869047619048,0.6123511904761905,0.5860284391534392,0.0681808068180507,13,1.0,1.0,1.0,1.0,1.0,1.0,1.0,1.0,1.0,1.0,1.0,1.0,1.0,1.0,1.0,1.0,0.0
1.0583194891611736,0.16907196038636718,0.045510387420654295,0.01025963751298784,7,200,"{'classifier__max_depth': 7, 'classifier__n_estimators': 200}",0.625,0.6458333333333334,0.6666666666666666,0.625,0.5416666666666666,0.6666666666666666,0.625,0.6666666666666666,0.6458333333333334,0.5625,0.5416666666666666,0.625,0.4791666666666667,0.6666666666666666,0.7083333333333334,0.6194444444444446,0.059641418204399686,12,1.0,1.0,1.0,1.0,1.0,1.0,1.0,1.0,1.0,1.0,1.0,1.0,1.0,1.0,1.0,1.0,0.0,0.6791666666666667,0.6807291666666666,0.7080357142857143,0.5718749999999999,0.4903273809523809,0.6822916666666666,0.6333333333333333,0.6824404761904762,0.5809523809523809,0.5458333333333334,0.4955357142857143,0.6343749999999999,0.4046875,0.6822916666666666,0.7572916666666667,0.6152777777777777,0.0943414030294761,13,1.0,1.0,1.0,1.0,1.0,1.0,1.0,1.0,1.0,1.0,1.0,1.0,1.0,1.0,1.0,1.0,0.0,0.625,0.6458333333333333,0.6666666666666666,0.625,0.5416666666666666,0.6666666666666666,0.625,0.6666666666666666,0.6458333333333333,0.5625,0.5416666666666666,0.625,0.47916666666666663,0.6666666666666666,0.7083333333333333,0.6194444444444446,0.059641418204399686,12,1.0,1.0,1.0,1.0,1.0,1.0,1.0,1.0,1.0,1.0,1.0,1.0,1.0,1.0,1.0,1.0,0.0,0.6124999999999999,0.624120670995671,0.6589285714285714,0.5901785714285714,0.49032738095238093,0.6452380952380952,0.5976190476190476,0.6364583333333333,0.5983630952380952,0.5311011904761904,0.48794642857142856,0.6031249999999999,0.41102543290043286,0.6430059523809524,0.6913690476190476,0.5880871212121213,0.07339958532873143,11,1.0,1.0,1.0,1.0,1.0,1.0,1.0,1.0,1.0,1.0,1.0,1.0,1.0,1.0,1.0,1.0,0.0
0.28624871571858723,0.06490898716669968,0.02641263008117676,0.00766259650658081,8,50,"{'classifier__max_depth': 8, 'classifier__n_estimators': 50}",0.625,0.5625,0.625,0.5833333333333334,0.5416666666666666,0.5416666666666666,0.6041666666666666,0.6666666666666666,0.625,0.5,0.5625,0.6458333333333334,0.4791666666666667,0.6458333333333334,0.6458333333333334,0.5902777777777779,0.05520724142875498,22,1.0,1.0,1.0,1.0,1.0,1.0,1.0,1.0,1.0,1.0,1.0,1.0,1.0,1.0,1.0,1.0,0.0,0.6489583333333333,0.540625,0.640327380952381,0.5714285714285714,0.47470238095238093,0.5267857142857143,0.5729166666666666,0.6677083333333333,0.6194940476190476,0.48020833333333335,0.6072916666666667,0.6635416666666667,0.41666666666666663,0.6541666666666666,0.6684523809523809,0.5835515873015873,0.0777757759096118,19,1.0,1.0,1.0,1.0,1.0,1.0,1.0,1.0,1.0,1.0,1.0,1.0,1.0,1.0,1.0,1.0,0.0,0.625,0.5625,0.625,0.5833333333333333,0.5416666666666666,0.5416666666666666,0.6041666666666666,0.6666666666666666,0.625,0.5,0.5625,0.6458333333333333,0.47916666666666663,0.6458333333333333,0.6458333333333333,0.5902777777777779,0.055207241428754966,22,1.0,1.0,1.0,1.0,1.0,1.0,1.0,1.0,1.0,1.0,1.0,1.0,1.0,1.0,1.0,1.0,0.0,0.6069940476190476,0.5250992063492064,0.5961309523809524,0.5714285714285714,0.48363095238095233,0.49925595238095233,0.5751488095238095,0.6560019841269842,0.594047619047619,0.45203373015873016,0.5395833333333333,0.6137896825396825,0.4255952380952381,0.6264880952380952,0.6206845238095238,0.5590608465608465,0.06638841071085057,22,1.0,1.0,1.0,1.0,1.0,1.0,1.0,1.0,1.0,1.0,1.0,1.0,1.0,1.0,1.0,1.0,0.0
0.5291452566782634,0.1788009394811853,0.02712713877360026,0.008148540820567143,8,100,"{'classifier__max_depth': 8, 'classifier__n_estimators': 100}",0.6041666666666666,0.6458333333333334,0.625,0.6666666666666666,0.5416666666666666,0.625,0.6458333333333334,0.6875,0.6041666666666666,0.5625,0.5833333333333334,0.6666666666666666,0.5416666666666666,0.6458333333333334,0.6458333333333334,0.6194444444444446,0.044008276438207955,12,1.0,1.0,1.0,1.0,1.0,1.0,1.0,1.0,1.0,1.0,1.0,1.0,1.0,1.0,1.0,1.0,0.0,0.615625,0.671875,0.7093750000000001,0.6208333333333333,0.50625,0.621875,0.6666666666666666,0.6973958333333333,0.5770833333333333,0.553125,0.5854166666666667,0.68125,0.543452380952381,0.6197916666666666,0.6229166666666667,0.6195287698412699,0.05711721576311282,11,1.0,1.0,1.0,1.0,1.0,1.0,1.0,1.0,1.0,1.0,1.0,1.0,1.0,1.0,1.0,1.0,0.0,0.6041666666666666,0.6458333333333333,0.625,0.6666666666666666,0.5416666666666666,0.625,0.6458333333333333,0.6875,0.6041666666666666,0.5625,0.5833333333333333,0.6666666666666666,0.5416666666666666,0.6458333333333333,0.6458333333333333,0.6194444444444446,0.04400827643820794,12,1.0,1.0,1.0,1.0,1.0,1.0,1.0,1.0,1.0,1.0,1.0,1.0,1.0,1.0,1.0,1.0,0.0,0.5805059523809524,0.6089285714285714,0.6223214285714285,0.6335813492063492,0.5047123015873016,0.593452380952381,0.6312003968253967,0.652245670995671,0.5662698412698413,0.5196428571428571,0.532142857142857,0.6477678571428571,0.49806547619047614,0.6202380952380953,0.6099702380952381,0.588069684944685,0.05043635144883727,12,1.0,1.0,1.0,1.0,1.0,1.0,1.0,1.0,1.0,1.0,1.0,1.0,1.0,1.0,1.0,1.0,0.0
0.7603603680928548,0.12570394553881156,0.034592390060424805,0.00894435850348551,8,150,"{'classifier__max_depth': 8, 'classifier__n_estimators': 150}",0.6041666666666666,0.625,0.6666666666666666,0.6458333333333334,0.5833333333333334,0.6666666666666666,0.6458333333333334,0.7083333333333334,0.6041666666666666,0.5416666666666666,0.5833333333333334,0.7083333333333334,0.5,0.7083333333333334,0.6875,0.6319444444444445,0.060699370509478226,6,1.0,1.0,1.0,1.0,1.0,1.0,1.0,1.0,1.0,1.0,1.0,1.0,1.0,1.0,1.0,1.0,0.0,0.6427083333333333,0.6442708333333333,0.690625,0.609375,0.5973958333333333,0.6677083333333333,0.6354166666666666,0.7194940476190477,0.6010416666666666,0.5541666666666667,0.628125,0.71875,0.4226190476190476,0.71875,0.6729166666666666,0.6348908730158731,0.07385807328392259,3,1.0,1.0,1.0,1.0,1.0,1.0,1.0,1.0,1.0,1.0,1.0,1.0,1.0,1.0,1.0,1.0,0.0,0.6041666666666666,0.625,0.6666666666666666,0.6458333333333333,0.5833333333333333,0.6666666666666666,0.6458333333333333,0.7083333333333333,0.6041666666666666,0.5416666666666666,0.5833333333333333,0.7083333333333333,0.5,0.7083333333333333,0.6875,0.6319444444444444,0.0606993705094782,6,1.0,1.0,1.0,1.0,1.0,1.0,1.0,1.0,1.0,1.0,1.0,1.0,1.0,1.0,1.0,1.0,0.0,0.5892857142857143,0.5881087662337663,0.6544642857142857,0.6194444444444445,0.5407873376623377,0.640625,0.6188988095238095,0.6732142857142858,0.5812003968253968,0.5011904761904762,0.5447916666666667,0.678125,0.4363095238095238,0.6816964285714285,0.6525297619047619,0.6000447931697932,0.06829890962171535,6,1.0,1.0,1.0,1.0,1.0,1.0,1.0,1.0,1.0,1.0,1.0,1.0,1.0,1.0,1.0,1.0,0.0
1.0512974580128989,0.1650244287794764,0.040275287628173825,0.00983161879414678,8,200,"{'classifier__max_depth': 8, 'classifier__n_estimators': 200}",0.6458333333333334,0.625,0.6666666666666666,0.6666666666666666,0.5625,0.625,0.6458333333333334,0.7083333333333334,0.625,0.5416666666666666,0.5625,0.6666666666666666,0.5,0.6666666666666666,0.7083333333333334,0.6277777777777779,0.05886005583449192,8,1.0,1.0,1.0,1.0,1.0,1.0,1.0,1.0,1.0,1.0,1.0,1.0,1.0,1.0,1.0,1.0,0.0,0.6541666666666667,0.6390625,0.7125,0.609375,0.5813988095238095,0.6364583333333333,0.6343749999999999,0.7226190476190476,0.6174107142857143,0.5322916666666666,0.5125,0.6749999999999999,0.44345238095238093,0.7,0.746875,0.6278323412698411,0.08071553706294196,8,1.0,1.0,1.0,1.0,1.0,1.0,1.0,1.0,1.0,1.0,1.0,1.0,1.0,1.0,1.0,1.0,0.0,0.6458333333333333,0.625,0.6666666666666666,0.6666666666666666,0.5625,0.625,0.6458333333333333,0.7083333333333333,0.625,0.5416666666666666,0.5625,0.6666666666666666,0.5,0.6666666666666666,0.7083333333333333,0.6277777777777779,0.058860055834491894,8,1.0,1.0,1.0,1.0,1.0,1.0,1.0,1.0,1.0,1.0,1.0,1.0,1.0,1.0,1.0,1.0,0.0,0.622470238095238,0.6012040043290043,0.6540178571428572,0.628125,0.5257440476190476,0.5950892857142857,0.6174107142857143,0.6739583333333333,0.596875,0.5016369047619048,0.5095238095238095,0.6491071428571429,0.4529761904761904,0.6513392857142857,0.6937499999999999,0.5982151875901877,0.0677258463753861,8,1.0,1.0,1.0,1.0,1.0,1.0,1.0,1.0,1.0,1.0,1.0,1.0,1.0,1.0,1.0,1.0,0.0
0.3018423875172933,0.03729411489434445,0.027776209513346355,0.006337070388942695,9,50,"{'classifier__max_depth': 9, 'classifier__n_estimators': 50}",0.625,0.6458333333333334,0.7083333333333334,0.6041666666666666,0.5208333333333334,0.5833333333333334,0.625,0.6666666666666666,0.625,0.5,0.5625,0.625,0.5208333333333334,0.6458333333333334,0.6875,0.6097222222222222,0.059641418204399686,15,1.0,1.0,1.0,1.0,1.0,1.0,1.0,1.0,1.0,1.0,1.0,1.0,1.0,1.0,1.0,1.0,0.0,0.6114583333333333,0.7010416666666667,0.7437499999999999,0.5708333333333333,0.5145833333333334,0.5528273809523809,0.6489583333333333,0.6532738095238095,0.6145833333333333,0.40729166666666666,0.5708333333333333,0.5864583333333333,0.5041666666666667,0.6614583333333333,0.6854166666666667,0.6017956349206348,0.08374715608337642,15,1.0,1.0,1.0,1.0,1.0,1.0,1.0,1.0,1.0,1.0,1.0,1.0,1.0,1.0,1.0,1.0,0.0,0.625,0.6458333333333333,0.7083333333333333,0.6041666666666666,0.5208333333333333,0.5833333333333333,0.625,0.6666666666666666,0.625,0.5,0.5625,0.625,0.5208333333333333,0.6458333333333333,0.6875,0.6097222222222222,0.05964141820439969,15,1.0,1.0,1.0,1.0,1.0,1.0,1.0,1.0,1.0,1.0,1.0,1.0,1.0,1.0,1.0,1.0,0.0,0.6038690476190476,0.6212797619047619,0.7,0.5779761904761904,0.4855654761904762,0.5425595238095238,0.6110119047619047,0.6342261904761906,0.5857142857142856,0.4351190476190476,0.54375,0.5782242063492062,0.48214285714285715,0.626438492063492,0.6581845238095237,0.5790707671957672,0.06883434873028695,15,1.0,1.0,1.0,1.0,1.0,1.0,1.0,1.0,1.0,1.0,1.0,1.0,1.0,1.0,1.0,1.0,0.0
0.5366222063700358,0.08266370612800272,0.03237559000651042,0.009550592543842426,9,100,"{'classifier__max_depth': 9, 'classifier__n_estimators': 100}",0.6458333333333334,0.6041666666666666,0.6041666666666666,0.625,0.5833333333333334,0.5625,0.75,0.7083333333333334,0.6041666666666666,0.5625,0.5625,0.6041666666666666,0.5208333333333334,0.6875,0.6875,0.6208333333333333,0.06142595663193329,11,1.0,1.0,1.0,1.0,1.0,1.0,1.0,1.0,1.0,1.0,1.0,1.0,1.0,1.0,1.0,1.0,0.0,0.628125,0.6333333333333333,0.6229166666666667,0.590625,0.5583333333333333,0.5114583333333333,0.7604166666666666,0.7015625,0.559375,0.5489583333333333,0.5333333333333333,0.5510416666666667,0.5424107142857143,0.671875,0.7479166666666666,0.6107787698412698,0.07653127287628485,14,1.0,1.0,1.0,1.0,1.0,1.0,1.0,1.0,1.0,1.0,1.0,1.0,1.0,1.0,1.0,1.0,0.0,0.6458333333333333,0.6041666666666666,0.6041666666666666,0.625,0.5833333333333333,0.5625,0.75,0.7083333333333333,0.6041666666666666,0.5625,0.5625,0.6041666666666666,0.5208333333333333,0.6875,0.6875,0.6208333333333333,0.061425956631933294,11,1.0,1.0,1.0,1.0,1.0,1.0,1.0,1.0,1.0,1.0,1.0,1.0,1.0,1.0,1.0,1.0,0.0,0.609375,0.5647321428571429,0.5870039682539683,0.6013392857142857,0.5359623015873015,0.5200892857142857,0.7288690476190476,0.6782873376623377,0.5528273809523809,0.5217261904761905,0.5123511904761905,0.5637896825396825,0.4880952380952381,0.6558035714285714,0.6677083333333333,0.5858639971139971,0.06796782123656725,14,1.0,1.0,1.0,1.0,1.0,1.0,1.0,1.0,1.0,1.0,1.0,1.0,1.0,1.0,1.0,1.0,0.0
0.8751905759175619,0.17134122091755913,0.04697810808817546,0.022177176311350678,9,150,"{'classifier__max_depth': 9, 'classifier__n_estimators': 150}",0.6458333333333334,0.625,0.6458333333333334,0.6041666666666666,0.6041666666666666,0.5625,0.6666666666666666,0.6875,0.6458333333333334,0.6041666666666666,0.6041666666666666,0.6875,0.4791666666666667,0.6666666666666666,0.7291666666666666,0.6305555555555554,0.057668165255629705,7,1.0,1.0,1.0,1.0,1.0,1.0,1.0,1.0,1.0,1.0,1.0,1.0,1.0,1.0,1.0,1.0,0.0,0.6541666666666667,0.6163690476190475,0.6302083333333333,0.5625,0.6163690476190475,0.5104166666666666,0.671875,0.6807291666666666,0.621875,0.6010416666666667,0.6125,0.7083333333333333,0.4111607142857143,0.6416666666666666,0.7885416666666667,0.6218501984126983,0.08312718827690045,9,1.0,1.0,1.0,1.0,1.0,1.0,1.0,1.0,1.0,1.0,1.0,1.0,1.0,1.0,1.0,1.0,0.0,0.6458333333333333,0.625,0.6458333333333333,0.6041666666666666,0.6041666666666666,0.5625,0.6666666666666666,0.6875,0.6458333333333333,0.6041666666666666,0.6041666666666666,0.6875,0.47916666666666663,0.6666666666666666,0.7291666666666666,0.6305555555555554,0.05766816525562971,7,1.0,1.0,1.0,1.0,1.0,1.0,1.0,1.0,1.0,1.0,1.0,1.0,1.0,1.0,1.0,1.0,0.0,0.622470238095238,0.5852678571428571,0.6214285714285714,0.5767857142857142,0.5620535714285714,0.519593253968254,0.6486607142857143,0.6574540043290042,0.6063988095238095,0.5711309523809524,0.5680059523809524,0.6768849206349206,0.4229166666666666,0.6421130952380951,0.7101190476190475,0.5994188912938913,0.06750628326129188,7,1.0,1.0,1.0,1.0,1.0,1.0,1.0,1.0,1.0,1.0,1.0,1.0,1.0,1.0,1.0,1.0,0.0
1.2822525024414062,0.2097370178787258,0.04282592137654622,0.01094203867262605,9,200,"{'classifier__max_depth': 9, 'classifier__n_estimators': 200}",0.6666666666666666,0.5833333333333334,0.625,0.6458333333333334,0.6041666666666666,0.6458333333333334,0.625,0.7291666666666666,0.625,0.5833333333333334,0.6041666666666666,0.6666666666666666,0.5,0.6666666666666666,0.7291666666666666,0.6333333333333333,0.0557980817405574,4,1.0,1.0,1.0,1.0,1.0,1.0,1.0,1.0,1.0,1.0,1.0,1.0,1.0,1.0,1.0,1.0,0.0,0.6947916666666667,0.5851190476190475,0.6507440476190476,0.5874999999999999,0.6163690476190475,0.6499999999999999,0.6281249999999999,0.7569940476190475,0.5958333333333332,0.5645833333333333,0.5958333333333333,0.6927083333333334,0.4601190476190476,0.671875,0.7697916666666667,0.6346924603174602,0.07551446023751655,4,1.0,1.0,1.0,1.0,1.0,1.0,1.0,1.0,1.0,1.0,1.0,1.0,1.0,1.0,1.0,1.0,0.0,0.6666666666666666,0.5833333333333333,0.625,0.6458333333333333,0.6041666666666666,0.6458333333333333,0.625,0.7291666666666666,0.625,0.5833333333333333,0.6041666666666666,0.6666666666666666,0.5,0.6666666666666666,0.7291666666666666,0.6333333333333333,0.055798081740557406,4,1.0,1.0,1.0,1.0,1.0,1.0,1.0,1.0,1.0,1.0,1.0,1.0,1.0,1.0,1.0,1.0,0.0,0.6494047619047619,0.5531249999999999,0.6020833333333333,0.6080357142857142,0.5620535714285714,0.6248015873015873,0.5997023809523809,0.7004464285714286,0.5861607142857143,0.549404761904762,0.5616071428571429,0.6534226190476191,0.4558035714285714,0.6370535714285714,0.7077380952380952,0.6033895502645503,0.0619310170491001,4,1.0,1.0,1.0,1.0,1.0,1.0,1.0,1.0,1.0,1.0,1.0,1.0,1.0,1.0,1.0,1.0,0.0
0.2936174551645915,0.04810361129970457,0.02683577537536621,0.006357124928098507,10,50,"{'classifier__max_depth': 10, 'classifier__n_estimators': 50}",0.6041666666666666,0.6458333333333334,0.625,0.6041666666666666,0.5416666666666666,0.5833333333333334,0.5833333333333334,0.625,0.6041666666666666,0.5416666666666666,0.5416666666666666,0.625,0.4791666666666667,0.6666666666666666,0.6666666666666666,0.5958333333333333,0.05034602488997738,19,1.0,1.0,1.0,1.0,1.0,1.0,1.0,1.0,1.0,1.0,1.0,1.0,1.0,1.0,1.0,1.0,0.0,0.5916666666666666,0.6645833333333333,0.6729166666666666,0.559375,0.5020833333333333,0.5645833333333333,0.6354166666666666,0.66875,0.6276041666666666,0.465625,0.5677083333333333,0.6197916666666666,0.3694940476190476,0.6866071428571429,0.671875,0.5912053571428573,0.08676532032381257,17,1.0,1.0,1.0,1.0,1.0,1.0,1.0,1.0,1.0,1.0,1.0,1.0,1.0,1.0,1.0,1.0,0.0,0.6041666666666666,0.6458333333333333,0.625,0.6041666666666666,0.5416666666666666,0.5833333333333333,0.5833333333333333,0.625,0.6041666666666666,0.5416666666666666,0.5416666666666666,0.625,0.47916666666666663,0.6666666666666666,0.6666666666666666,0.5958333333333333,0.05034602488997739,19,1.0,1.0,1.0,1.0,1.0,1.0,1.0,1.0,1.0,1.0,1.0,1.0,1.0,1.0,1.0,1.0,0.0,0.572470238095238,0.6138392857142857,0.6161210317460317,0.578125,0.5074404761904762,0.5453869047619048,0.5711309523809525,0.6159722222222221,0.5793290043290042,0.47837301587301584,0.53125,0.5999503968253967,0.40044642857142854,0.6482142857142856,0.6589285714285714,0.5677985209235209,0.06549197281027913,16,1.0,1.0,1.0,1.0,1.0,1.0,1.0,1.0,1.0,1.0,1.0,1.0,1.0,1.0,1.0,1.0,0.0
0.5351497968037923,0.09227569345067953,0.031710545221964516,0.01012684890679531,10,100,"{'classifier__max_depth': 10, 'classifier__n_estimators': 100}",0.625,0.6458333333333334,0.625,0.6666666666666666,0.5416666666666666,0.5625,0.7083333333333334,0.7291666666666666,0.6041666666666666,0.5625,0.5833333333333334,0.6666666666666666,0.5208333333333334,0.7083333333333334,0.6666666666666666,0.6277777777777778,0.06220609910155192,9,1.0,1.0,1.0,1.0,1.0,1.0,1.0,1.0,1.0,1.0,1.0,1.0,1.0,1.0,1.0,1.0,0.0,0.6520833333333332,0.6770833333333333,0.6574404761904762,0.6208333333333333,0.4913690476190476,0.5885416666666666,0.7135416666666666,0.79375,0.590625,0.4895833333333333,0.6010416666666667,0.69375,0.5142857142857142,0.6822916666666667,0.6833333333333333,0.629970238095238,0.08303037688370285,7,1.0,1.0,1.0,1.0,1.0,1.0,1.0,1.0,1.0,1.0,1.0,1.0,1.0,1.0,1.0,1.0,0.0,0.625,0.6458333333333333,0.625,0.6666666666666666,0.5416666666666666,0.5625,0.7083333333333333,0.7291666666666666,0.6041666666666666,0.5625,0.5833333333333333,0.6666666666666666,0.5208333333333333,0.7083333333333333,0.6666666666666666,0.6277777777777778,0.06220609910155192,9,1.0,1.0,1.0,1.0,1.0,1.0,1.0,1.0,1.0,1.0,1.0,1.0,1.0,1.0,1.0,1.0,0.0,0.6047619047619047,0.6092261904761904,0.6052083333333333,0.6355654761904761,0.49360119047619044,0.5372023809523809,0.6930059523809524,0.7083333333333333,0.572470238095238,0.5034226190476191,0.544047619047619,0.6529265873015873,0.4720238095238095,0.6787202380952382,0.6444940476190476,0.5970006613756614,0.07187341926892228,9,1.0,1.0,1.0,1.0,1.0,1.0,1.0,1.0,1.0,1.0,1.0,1.0,1.0,1.0,1.0,1.0,0.0
0.8250725905100504,0.14617999597592463,0.03947850863138835,0.008539625376342378,10,150,"{'classifier__max_depth': 10, 'classifier__n_estimators': 150}",0.6458333333333334,0.6458333333333334,0.6458333333333334,0.6666666666666666,0.5625,0.625,0.6666666666666666,0.6875,0.625,0.6041666666666666,0.5833333333333334,0.7083333333333334,0.5,0.7083333333333334,0.6875,0.6375000000000001,0.05527707983925667,3,1.0,1.0,1.0,1.0,1.0,1.0,1.0,1.0,1.0,1.0,1.0,1.0,1.0,1.0,1.0,1.0,0.0,0.6677083333333333,0.7171875,0.6833333333333333,0.6145833333333334,0.5122023809523809,0.5697916666666667,0.6625,0.6944940476190476,0.6322916666666667,0.6010416666666667,0.58125,0.75,0.4129464285714286,0.6885416666666666,0.7145833333333333,0.6334970238095238,0.08561675568306856,5,1.0,1.0,1.0,1.0,1.0,1.0,1.0,1.0,1.0,1.0,1.0,1.0,1.0,1.0,1.0,1.0,0.0,0.6458333333333333,0.6458333333333333,0.6458333333333333,0.6666666666666666,0.5625,0.625,0.6666666666666666,0.6875,0.625,0.6041666666666666,0.5833333333333333,0.7083333333333333,0.5,0.7083333333333333,0.6875,0.6375,0.05527707983925665,3,1.0,1.0,1.0,1.0,1.0,1.0,1.0,1.0,1.0,1.0,1.0,1.0,1.0,1.0,1.0,1.0,0.0,0.621875,0.6205492424242425,0.6290178571428572,0.6311011904761905,0.5126488095238095,0.5770833333333333,0.6504464285714286,0.6504464285714285,0.6034226190476191,0.5711309523809524,0.541220238095238,0.6998015873015873,0.4291666666666667,0.672172619047619,0.6694940476190476,0.6053051346801347,0.0678311233890262,3,1.0,1.0,1.0,1.0,1.0,1.0,1.0,1.0,1.0,1.0,1.0,1.0,1.0,1.0,1.0,1.0,0.0
1.0435372034708659,0.22800338782910748,0.03208343187967936,0.016161364329279844,10,200,"{'classifier__max_depth': 10, 'classifier__n_estimators': 200}",0.6875,0.625,0.6458333333333334,0.6875,0.5833333333333334,0.6666666666666666,0.625,0.6666666666666666,0.6458333333333334,0.5833333333333334,0.5833333333333334,0.6458333333333334,0.4791666666666667,0.6666666666666666,0.7083333333333334,0.6333333333333332,0.05579808174055739,5,1.0,1.0,1.0,1.0,1.0,1.0,1.0,1.0,1.0,1.0,1.0,1.0,1.0,1.0,1.0,1.0,0.0,0.7270833333333333,0.6640625,0.6739583333333333,0.6260416666666666,0.5184523809523809,0.6625,0.6458333333333333,0.728125,0.6375,0.5802083333333333,0.5697916666666667,0.671875,0.37127976190476186,0.6729166666666666,0.7427083333333333,0.6328224206349204,0.09135551830748873,6,1.0,1.0,1.0,1.0,1.0,1.0,1.0,1.0,1.0,1.0,1.0,1.0,1.0,1.0,1.0,1.0,0.0,0.6875,0.625,0.6458333333333333,0.6875,0.5833333333333333,0.6666666666666666,0.625,0.6666666666666666,0.6458333333333333,0.5833333333333333,0.5833333333333333,0.6458333333333333,0.47916666666666663,0.6666666666666666,0.7083333333333333,0.6333333333333332,0.05579808174055741,5,1.0,1.0,1.0,1.0,1.0,1.0,1.0,1.0,1.0,1.0,1.0,1.0,1.0,1.0,1.0,1.0,0.0,0.6686011904761904,0.595995670995671,0.632390873015873,0.6474702380952381,0.5238095238095238,0.6376488095238095,0.6025297619047618,0.6483630952380952,0.6153273809523809,0.550297619047619,0.5476190476190477,0.6361607142857143,0.40654761904761905,0.6319940476190475,0.6882440476190477,0.6021999759499759,0.06856191039633901,5,1.0,1.0,1.0,1.0,1.0,1.0,1.0,1.0,1.0,1.0,1.0,1.0,1.0,1.0,1.0,1.0,0.0
