mean_fit_time,std_fit_time,mean_score_time,std_score_time,param_classifier__C,param_classifier__kernel,params,split0_test_accuracy,split1_test_accuracy,split2_test_accuracy,split3_test_accuracy,split4_test_accuracy,split5_test_accuracy,split6_test_accuracy,split7_test_accuracy,split8_test_accuracy,split9_test_accuracy,split10_test_accuracy,split11_test_accuracy,split12_test_accuracy,split13_test_accuracy,split14_test_accuracy,mean_test_accuracy,std_test_accuracy,rank_test_accuracy,split0_train_accuracy,split1_train_accuracy,split2_train_accuracy,split3_train_accuracy,split4_train_accuracy,split5_train_accuracy,split6_train_accuracy,split7_train_accuracy,split8_train_accuracy,split9_train_accuracy,split10_train_accuracy,split11_train_accuracy,split12_train_accuracy,split13_train_accuracy,split14_train_accuracy,mean_train_accuracy,std_train_accuracy,split0_test_precision_macro,split1_test_precision_macro,split2_test_precision_macro,split3_test_precision_macro,split4_test_precision_macro,split5_test_precision_macro,split6_test_precision_macro,split7_test_precision_macro,split8_test_precision_macro,split9_test_precision_macro,split10_test_precision_macro,split11_test_precision_macro,split12_test_precision_macro,split13_test_precision_macro,split14_test_precision_macro,mean_test_precision_macro,std_test_precision_macro,rank_test_precision_macro,split0_train_precision_macro,split1_train_precision_macro,split2_train_precision_macro,split3_train_precision_macro,split4_train_precision_macro,split5_train_precision_macro,split6_train_precision_macro,split7_train_precision_macro,split8_train_precision_macro,split9_train_precision_macro,split10_train_precision_macro,split11_train_precision_macro,split12_train_precision_macro,split13_train_precision_macro,split14_train_precision_macro,mean_train_precision_macro,std_train_precision_macro,split0_test_recall_macro,split1_test_recall_macro,split2_test_recall_macro,split3_test_recall_macro,split4_test_recall_macro,split5_test_recall_macro,split6_test_recall_macro,split7_test_recall_macro,split8_test_recall_macro,split9_test_recall_macro,split10_test_recall_macro,split11_test_recall_macro,split12_test_recall_macro,split13_test_recall_macro,split14_test_recall_macro,mean_test_recall_macro,std_test_recall_macro,rank_test_recall_macro,split0_train_recall_macro,split1_train_recall_macro,split2_train_recall_macro,split3_train_recall_macro,split4_train_recall_macro,split5_train_recall_macro,split6_train_recall_macro,split7_train_recall_macro,split8_train_recall_macro,split9_train_recall_macro,split10_train_recall_macro,split11_train_recall_macro,split12_train_recall_macro,split13_train_recall_macro,split14_train_recall_macro,mean_train_recall_macro,std_train_recall_macro,split0_test_f1_macro,split1_test_f1_macro,split2_test_f1_macro,split3_test_f1_macro,split4_test_f1_macro,split5_test_f1_macro,split6_test_f1_macro,split7_test_f1_macro,split8_test_f1_macro,split9_test_f1_macro,split10_test_f1_macro,split11_test_f1_macro,split12_test_f1_macro,split13_test_f1_macro,split14_test_f1_macro,mean_test_f1_macro,std_test_f1_macro,rank_test_f1_macro,split0_train_f1_macro,split1_train_f1_macro,split2_train_f1_macro,split3_train_f1_macro,split4_train_f1_macro,split5_train_f1_macro,split6_train_f1_macro,split7_train_f1_macro,split8_train_f1_macro,split9_train_f1_macro,split10_train_f1_macro,split11_train_f1_macro,split12_train_f1_macro,split13_train_f1_macro,split14_train_f1_macro,mean_train_f1_macro,std_train_f1_macro
0.04960627555847168,0.007326609568370991,0.022504345575968424,0.0036958968894760824,0.001,linear,"{'classifier__C': 0.001, 'classifier__kernel': 'linear'}",0.4583333333333333,0.4583333333333333,0.3958333333333333,0.4791666666666667,0.4583333333333333,0.4166666666666667,0.4791666666666667,0.4583333333333333,0.3958333333333333,0.3958333333333333,0.3958333333333333,0.4375,0.4791666666666667,0.4166666666666667,0.3958333333333333,0.4347222222222222,0.033042714592695345,36,0.7291666666666666,0.7083333333333334,0.7291666666666666,0.71875,0.6979166666666666,0.7083333333333334,0.6875,0.6666666666666666,0.7083333333333334,0.75,0.75,0.6458333333333334,0.6875,0.7291666666666666,0.71875,0.7090277777777777,0.02781247832569553,0.4069196428571428,0.47291666666666665,0.3626488095238095,0.59375,0.41874999999999996,0.3666666666666667,0.4954861111111111,0.47678571428571426,0.4068452380952381,0.36741071428571426,0.37410714285714286,0.6196969696969696,0.5672619047619047,0.42490530303030305,0.35277777777777775,0.4471285774410774,0.08498295710849338,36,0.7898809523809524,0.8174963924963925,0.826140873015873,0.8102915313852813,0.7566277472527473,0.8254464285714286,0.7876352813852814,0.727827380952381,0.7302827380952381,0.7705627705627706,0.8339871933621934,0.7630265567765568,0.7360615079365079,0.8003472222222223,0.7777744620575503,0.7835592692302252,0.034511060374014614,0.45833333333333326,0.4583333333333333,0.3958333333333333,0.47916666666666663,0.4583333333333333,0.41666666666666663,0.47916666666666663,0.45833333333333326,0.3958333333333333,0.39583333333333326,0.3958333333333333,0.4375,0.47916666666666663,0.41666666666666663,0.3958333333333333,0.4347222222222222,0.033042714592695324,36,0.7291666666666667,0.7083333333333333,0.7291666666666667,0.71875,0.6979166666666666,0.7083333333333334,0.6875,0.6666666666666666,0.7083333333333334,0.75,0.75,0.6458333333333333,0.6875,0.7291666666666667,0.71875,0.7090277777777777,0.027812478325695562,0.3906881313131313,0.4196428571428571,0.3577876984126984,0.48978174603174596,0.40420100732600733,0.3652281746031746,0.4527777777777777,0.4256944444444445,0.3794146825396825,0.3575892857142857,0.352621336996337,0.45833333333333337,0.46354166666666663,0.3780753968253968,0.3665178571428572,0.4041263597513597,0.043390814680739444,36,0.6866862304362304,0.7067533977460447,0.7135205480793716,0.7134768825945296,0.667362352559721,0.6799460955710956,0.6720762693189164,0.6421540265290264,0.6796203796203797,0.6990182611506142,0.7393091589782766,0.6357890647364332,0.655111555111555,0.711751443001443,0.6813655760267013,0.6855960827640225,0.027872720264313772
0.05874123573303223,0.014717397485493939,0.02598419189453125,0.007893185581296992,0.001,rbf,"{'classifier__C': 0.001, 'classifier__kernel': 'rbf'}",0.5,0.5416666666666666,0.5208333333333334,0.375,0.4791666666666667,0.5,0.5625,0.5,0.3958333333333333,0.4375,0.4791666666666667,0.4791666666666667,0.5,0.5208333333333334,0.5416666666666666,0.48888888888888893,0.05038432540893626,32,0.9270833333333334,0.8854166666666666,0.8958333333333334,0.8958333333333334,0.9166666666666666,0.90625,0.90625,0.8958333333333334,0.8854166666666666,0.875,0.9479166666666666,0.8854166666666666,0.90625,0.9375,0.8958333333333334,0.9041666666666667,0.019837301190396804,0.5398065476190476,0.515625,0.5182291666666666,0.32395833333333335,0.4348214285714285,0.4510416666666667,0.49375,0.521875,0.359375,0.37053571428571425,0.41770833333333335,0.43125,0.4984375,0.5447916666666667,0.5729166666666666,0.4662748015873016,0.07239430375850894,32,0.9404761904761905,0.9118303571428572,0.9208333333333334,0.9170386904761905,0.9363095238095238,0.9233630952380953,0.936620670995671,0.9231150793650794,0.9095238095238095,0.9117559523809524,0.9613095238095238,0.9055059523809524,0.9183035714285714,0.9571428571428572,0.9199404761904761,0.9262046055796057,0.016244030688579318,0.5,0.5416666666666666,0.5208333333333333,0.375,0.47916666666666663,0.49999999999999994,0.5625,0.5,0.39583333333333326,0.4375,0.47916666666666663,0.47916666666666663,0.5,0.5208333333333333,0.5416666666666666,0.4888888888888889,0.05038432540893626,32,0.9270833333333333,0.8854166666666667,0.8958333333333333,0.8958333333333334,0.9166666666666666,0.90625,0.90625,0.8958333333333334,0.8854166666666667,0.875,0.9479166666666667,0.8854166666666667,0.90625,0.9375,0.8958333333333333,0.9041666666666666,0.019837301190396797,0.462761544011544,0.494047619047619,0.4836940836940836,0.3333829365079365,0.4180059523809524,0.4441735347985348,0.4976190476190476,0.45950126262626256,0.3686507936507937,0.38363095238095235,0.42058531746031746,0.4334821428571428,0.4503111471861472,0.5030677655677656,0.5151289682539683,0.44453620453620446,0.05100599516851481,32,0.9230956543456543,0.8834852647352647,0.8943587662337662,0.8971486846486847,0.9175626456876458,0.9017399267399266,0.9086010802922567,0.8971486846486847,0.8858318764568764,0.8591835248085248,0.9472027972027972,0.8842865467865468,0.9004828504828505,0.9368808275058275,0.8947333916083916,0.9021161681455799,0.021451358896179534
0.061634254455566403,0.02838990393141998,0.026581525802612305,0.011938654640205711,0.001,sigmoid,"{'classifier__C': 0.001, 'classifier__kernel': 'sigmoid'}",0.5208333333333334,0.4791666666666667,0.5208333333333334,0.5208333333333334,0.5,0.4791666666666667,0.5,0.4375,0.375,0.4375,0.4375,0.3958333333333333,0.4375,0.4375,0.5,0.4652777777777778,0.04479032082388084,34,0.6770833333333334,0.6875,0.6875,0.6770833333333334,0.6770833333333334,0.6458333333333334,0.6979166666666666,0.6770833333333334,0.7083333333333334,0.6354166666666666,0.71875,0.6666666666666666,0.6354166666666666,0.6979166666666666,0.6979166666666666,0.6791666666666666,0.02411632688081297,0.5036458333333333,0.47291666666666665,0.49166666666666664,0.5947916666666666,0.4844246031746032,0.4563988095238095,0.4760416666666667,0.4538690476190476,0.3396577380952381,0.36302083333333335,0.4298611111111111,0.41354166666666664,0.402157738095238,0.45928030303030304,0.50625,0.45650162337662337,0.06022374944244991,34,0.6910984848484848,0.7556547619047619,0.7485119047619048,0.784733669108669,0.7180059523809523,0.6681074134199134,0.7724816849816849,0.7558514402264402,0.7120535714285714,0.6549038175876412,0.7523580586080586,0.7633443813131313,0.6269954004329004,0.7287946428571428,0.7950148809523809,0.7285273376541759,0.04784457156429737,0.5208333333333333,0.47916666666666663,0.5208333333333334,0.5208333333333333,0.5,0.47916666666666663,0.5,0.4375,0.37499999999999994,0.4375,0.4375,0.3958333333333333,0.4375,0.4375,0.5,0.46527777777777773,0.044790320823880826,34,0.6770833333333333,0.6875,0.6875,0.6770833333333333,0.6770833333333333,0.6458333333333334,0.6979166666666666,0.6770833333333333,0.7083333333333333,0.6354166666666667,0.71875,0.6666666666666667,0.6354166666666667,0.6979166666666666,0.6979166666666667,0.6791666666666666,0.02411632688081294,0.4664817821067821,0.44713203463203466,0.4696924603174603,0.5134844322344322,0.45610119047619047,0.4372519841269841,0.45325091575091575,0.40089285714285716,0.3476731601731602,0.38572781385281385,0.4075892857142857,0.36129426129426123,0.40155122655122655,0.4017857142857143,0.4754464285714286,0.42835703648203644,0.044633308462552417,34,0.6372094102792631,0.6791614635364636,0.6680989149739149,0.665534867179604,0.6487751831501831,0.6048832295155825,0.6851295086492455,0.6684215595206308,0.6838550338550338,0.5855772743880161,0.7093260540628962,0.6588542992954758,0.5911467821394292,0.6817337176712177,0.6910329254079255,0.6572493482416589,0.03601288460033208
0.049011818567911786,0.01752638851155589,0.021856323877970377,0.010293441079447664,0.1,linear,"{'classifier__C': 0.1, 'classifier__kernel': 'linear'}",0.625,0.7291666666666666,0.7291666666666666,0.7291666666666666,0.8125,0.7083333333333334,0.7291666666666666,0.7708333333333334,0.6666666666666666,0.625,0.6041666666666666,0.7083333333333334,0.6458333333333334,0.6666666666666666,0.6666666666666666,0.6944444444444445,0.056245713142546075,1,1.0,1.0,1.0,1.0,1.0,1.0,1.0,1.0,1.0,1.0,1.0,1.0,1.0,1.0,1.0,1.0,0.0,0.575,0.7875,0.7614583333333333,0.696875,0.8385416666666666,0.725,0.7666666666666666,0.7395833333333333,0.7041666666666666,0.640625,0.6145833333333333,0.7854166666666667,0.75625,0.7083333333333333,0.696875,0.7197916666666667,0.06752807200904865,1,1.0,1.0,1.0,1.0,1.0,1.0,1.0,1.0,1.0,1.0,1.0,1.0,1.0,1.0,1.0,1.0,0.0,0.625,0.7291666666666666,0.7291666666666666,0.7291666666666666,0.8125,0.7083333333333333,0.7291666666666666,0.7708333333333333,0.6666666666666666,0.625,0.6041666666666666,0.7083333333333333,0.6458333333333333,0.6666666666666666,0.6666666666666666,0.6944444444444444,0.056245713142546075,1,1.0,1.0,1.0,1.0,1.0,1.0,1.0,1.0,1.0,1.0,1.0,1.0,1.0,1.0,1.0,1.0,0.0,0.5818452380952381,0.7133928571428572,0.7174107142857142,0.6943452380952381,0.806845238095238,0.6924107142857143,0.7385416666666667,0.7392857142857142,0.6528273809523809,0.6166666666666667,0.5848214285714286,0.710218253968254,0.6293154761904762,0.6543154761904761,0.6549107142857142,0.6791435185185184,0.060060580937950206,1,1.0,1.0,1.0,1.0,1.0,1.0,1.0,1.0,1.0,1.0,1.0,1.0,1.0,1.0,1.0,1.0,0.0
0.07118841807047525,0.0109115946263666,0.030171521504720054,0.006267176603096556,0.1,rbf,"{'classifier__C': 0.1, 'classifier__kernel': 'rbf'}",0.5,0.5416666666666666,0.5208333333333334,0.375,0.4791666666666667,0.5,0.5625,0.5,0.3958333333333333,0.4375,0.4791666666666667,0.4791666666666667,0.5,0.5208333333333334,0.5416666666666666,0.48888888888888893,0.05038432540893626,32,0.9270833333333334,0.8854166666666666,0.8958333333333334,0.8958333333333334,0.9166666666666666,0.90625,0.90625,0.8958333333333334,0.8854166666666666,0.875,0.9479166666666666,0.8854166666666666,0.90625,0.9375,0.8958333333333334,0.9041666666666667,0.019837301190396804,0.5398065476190476,0.515625,0.5182291666666666,0.32395833333333335,0.4348214285714285,0.4510416666666667,0.49375,0.521875,0.359375,0.37053571428571425,0.41770833333333335,0.43125,0.4984375,0.5447916666666667,0.5729166666666666,0.4662748015873016,0.07239430375850894,32,0.9404761904761905,0.9118303571428572,0.9208333333333334,0.9170386904761905,0.9363095238095238,0.9233630952380953,0.936620670995671,0.9231150793650794,0.9095238095238095,0.9117559523809524,0.9613095238095238,0.9055059523809524,0.9183035714285714,0.9571428571428572,0.9199404761904761,0.9262046055796057,0.016244030688579318,0.5,0.5416666666666666,0.5208333333333333,0.375,0.47916666666666663,0.49999999999999994,0.5625,0.5,0.39583333333333326,0.4375,0.47916666666666663,0.47916666666666663,0.5,0.5208333333333333,0.5416666666666666,0.4888888888888889,0.05038432540893626,32,0.9270833333333333,0.8854166666666667,0.8958333333333333,0.8958333333333334,0.9166666666666666,0.90625,0.90625,0.8958333333333334,0.8854166666666667,0.875,0.9479166666666667,0.8854166666666667,0.90625,0.9375,0.8958333333333333,0.9041666666666666,0.019837301190396797,0.462761544011544,0.494047619047619,0.4836940836940836,0.3333829365079365,0.4180059523809524,0.4441735347985348,0.4976190476190476,0.45950126262626256,0.3686507936507937,0.38363095238095235,0.42058531746031746,0.4334821428571428,0.4503111471861472,0.5030677655677656,0.5151289682539683,0.44453620453620446,0.05100599516851481,32,0.9230956543456543,0.8834852647352647,0.8943587662337662,0.8971486846486847,0.9175626456876458,0.9017399267399266,0.9086010802922567,0.8971486846486847,0.8858318764568764,0.8591835248085248,0.9472027972027972,0.8842865467865468,0.9004828504828505,0.9368808275058275,0.8947333916083916,0.9021161681455799,0.021451358896179534
0.059856049219767254,0.015136901315879732,0.026254908243815104,0.006679662108019658,0.1,sigmoid,"{'classifier__C': 0.1, 'classifier__kernel': 'sigmoid'}",0.5208333333333334,0.4791666666666667,0.5208333333333334,0.5208333333333334,0.5,0.4791666666666667,0.5,0.4375,0.375,0.4375,0.4375,0.3958333333333333,0.4375,0.4375,0.5,0.4652777777777778,0.04479032082388084,34,0.6770833333333334,0.6875,0.6875,0.6770833333333334,0.6770833333333334,0.6458333333333334,0.6979166666666666,0.6770833333333334,0.7083333333333334,0.6354166666666666,0.71875,0.6666666666666666,0.6354166666666666,0.6979166666666666,0.6979166666666666,0.6791666666666666,0.02411632688081297,0.5036458333333333,0.47291666666666665,0.49166666666666664,0.5947916666666666,0.4844246031746032,0.4563988095238095,0.4760416666666667,0.4538690476190476,0.3396577380952381,0.36302083333333335,0.4298611111111111,0.41354166666666664,0.402157738095238,0.45928030303030304,0.50625,0.45650162337662337,0.06022374944244991,34,0.6910984848484848,0.7556547619047619,0.7485119047619048,0.784733669108669,0.7180059523809523,0.6681074134199134,0.7724816849816849,0.7558514402264402,0.7120535714285714,0.6549038175876412,0.7523580586080586,0.7633443813131313,0.6269954004329004,0.7287946428571428,0.7950148809523809,0.7285273376541759,0.04784457156429737,0.5208333333333333,0.47916666666666663,0.5208333333333334,0.5208333333333333,0.5,0.47916666666666663,0.5,0.4375,0.37499999999999994,0.4375,0.4375,0.3958333333333333,0.4375,0.4375,0.5,0.46527777777777773,0.044790320823880826,34,0.6770833333333333,0.6875,0.6875,0.6770833333333333,0.6770833333333333,0.6458333333333334,0.6979166666666666,0.6770833333333333,0.7083333333333333,0.6354166666666667,0.71875,0.6666666666666667,0.6354166666666667,0.6979166666666666,0.6979166666666667,0.6791666666666666,0.02411632688081294,0.4664817821067821,0.44713203463203466,0.4696924603174603,0.5134844322344322,0.45610119047619047,0.4372519841269841,0.45325091575091575,0.40089285714285716,0.3476731601731602,0.38572781385281385,0.4075892857142857,0.36129426129426123,0.40155122655122655,0.4017857142857143,0.4754464285714286,0.42835703648203644,0.044633308462552417,34,0.6372094102792631,0.6791614635364636,0.6680989149739149,0.665534867179604,0.6487751831501831,0.6048832295155825,0.6851295086492455,0.6684215595206308,0.6838550338550338,0.5855772743880161,0.7093260540628962,0.6588542992954758,0.5911467821394292,0.6817337176712177,0.6910329254079255,0.6572493482416589,0.03601288460033208
0.070163361231486,0.014067295596682558,0.033855406443277995,0.011363979655805368,1.0,linear,"{'classifier__C': 1, 'classifier__kernel': 'linear'}",0.625,0.7291666666666666,0.7291666666666666,0.7291666666666666,0.8125,0.7083333333333334,0.7291666666666666,0.7708333333333334,0.6666666666666666,0.625,0.6041666666666666,0.7083333333333334,0.6458333333333334,0.6666666666666666,0.6666666666666666,0.6944444444444445,0.056245713142546075,1,1.0,1.0,1.0,1.0,1.0,1.0,1.0,1.0,1.0,1.0,1.0,1.0,1.0,1.0,1.0,1.0,0.0,0.575,0.7875,0.7614583333333333,0.696875,0.8385416666666666,0.725,0.7666666666666666,0.7395833333333333,0.7041666666666666,0.640625,0.6145833333333333,0.7854166666666667,0.75625,0.7083333333333333,0.696875,0.7197916666666667,0.06752807200904865,1,1.0,1.0,1.0,1.0,1.0,1.0,1.0,1.0,1.0,1.0,1.0,1.0,1.0,1.0,1.0,1.0,0.0,0.625,0.7291666666666666,0.7291666666666666,0.7291666666666666,0.8125,0.7083333333333333,0.7291666666666666,0.7708333333333333,0.6666666666666666,0.625,0.6041666666666666,0.7083333333333333,0.6458333333333333,0.6666666666666666,0.6666666666666666,0.6944444444444444,0.056245713142546075,1,1.0,1.0,1.0,1.0,1.0,1.0,1.0,1.0,1.0,1.0,1.0,1.0,1.0,1.0,1.0,1.0,0.0,0.5818452380952381,0.7133928571428572,0.7174107142857142,0.6943452380952381,0.806845238095238,0.6924107142857143,0.7385416666666667,0.7392857142857142,0.6528273809523809,0.6166666666666667,0.5848214285714286,0.710218253968254,0.6293154761904762,0.6543154761904761,0.6549107142857142,0.6791435185185184,0.060060580937950206,1,1.0,1.0,1.0,1.0,1.0,1.0,1.0,1.0,1.0,1.0,1.0,1.0,1.0,1.0,1.0,1.0,0.0
0.07952909469604492,0.02048462035380882,0.031262906392415364,0.010418380901129074,1.0,rbf,"{'classifier__C': 1, 'classifier__kernel': 'rbf'}",0.5625,0.6041666666666666,0.5208333333333334,0.4791666666666667,0.5625,0.6041666666666666,0.6041666666666666,0.5833333333333334,0.5208333333333334,0.5,0.5208333333333334,0.5208333333333334,0.5416666666666666,0.5625,0.5625,0.55,0.03788383804718292,30,0.96875,0.9479166666666666,0.9583333333333334,0.9375,0.9479166666666666,0.96875,0.9479166666666666,0.9583333333333334,0.9479166666666666,0.9479166666666666,0.9583333333333334,0.9479166666666666,0.96875,0.96875,0.9583333333333334,0.9555555555555555,0.009672491859155653,0.4965773809523809,0.6166666666666667,0.46458333333333335,0.48125,0.56875,0.5520833333333333,0.5510416666666667,0.6674107142857143,0.5583333333333333,0.5085565476190477,0.4833333333333333,0.5193452380952381,0.5215773809523809,0.5864583333333333,0.5770833333333333,0.5435367063492063,0.05346548211562777,30,0.9732142857142858,0.9635416666666666,0.9665178571428572,0.9508928571428572,0.9575892857142858,0.9754464285714286,0.9660714285714286,0.965029761904762,0.9538690476190477,0.9575892857142858,0.9702380952380952,0.9561011904761905,0.9754464285714286,0.9791666666666666,0.9702380952380952,0.9653968253968254,0.008392270796434361,0.5625,0.6041666666666666,0.5208333333333333,0.47916666666666663,0.5625,0.6041666666666666,0.6041666666666666,0.5833333333333333,0.5208333333333333,0.5,0.5208333333333333,0.5208333333333333,0.5416666666666666,0.5625,0.5625,0.55,0.03788383804718294,30,0.96875,0.9479166666666667,0.9583333333333334,0.9375,0.9479166666666667,0.96875,0.9479166666666667,0.9583333333333334,0.9479166666666667,0.9479166666666666,0.9583333333333334,0.9479166666666667,0.96875,0.96875,0.9583333333333334,0.9555555555555556,0.009672491859155625,0.5135416666666667,0.5717261904761904,0.48735119047619047,0.43774038461538456,0.5273809523809523,0.5613095238095238,0.55,0.5681547619047619,0.5040178571428571,0.4602813852813853,0.4803571428571428,0.48467261904761905,0.5020833333333333,0.5414772727272728,0.5375992063492063,0.5151795658045658,0.03908496685700246,30,0.9673951048951048,0.9463744588744589,0.9587287712287713,0.9379224941724942,0.9471028971028972,0.9692182817182817,0.9511582167832169,0.958801615051615,0.9476252913752914,0.9459665334665335,0.959965034965035,0.947175740925741,0.968081918081918,0.9704545454545455,0.9588286713286713,0.9556533050283051,0.009890788593550325
0.06613709131876627,0.01975638558424043,0.026794926325480143,0.007524192779328571,1.0,sigmoid,"{'classifier__C': 1, 'classifier__kernel': 'sigmoid'}",0.5416666666666666,0.5416666666666666,0.5416666666666666,0.5416666666666666,0.5416666666666666,0.5625,0.5416666666666666,0.5625,0.4583333333333333,0.5,0.5208333333333334,0.5208333333333334,0.5416666666666666,0.5208333333333334,0.5416666666666666,0.5319444444444444,0.025077041785094144,31,0.7604166666666666,0.7395833333333334,0.71875,0.75,0.6979166666666666,0.7604166666666666,0.7083333333333334,0.78125,0.7395833333333334,0.7291666666666666,0.7916666666666666,0.7395833333333334,0.7395833333333334,0.78125,0.7395833333333334,0.745138888888889,0.025760051376376946,0.4819940476190476,0.5803571428571428,0.4916666666666667,0.6114583333333333,0.5219246031746032,0.521875,0.48541666666666666,0.5945684523809524,0.4657738095238095,0.4583333333333333,0.53125,0.5572916666666666,0.4671875,0.49479166666666663,0.5572916666666666,0.521412037037037,0.04765458473581358,31,0.7900568181818182,0.7841517857142858,0.798489010989011,0.8044642857142857,0.739745670995671,0.8236877705627705,0.7873855311355311,0.8285579004329005,0.7689123376623377,0.6829004329004329,0.8475961538461538,0.8355654761904762,0.7620670995670995,0.841308170995671,0.8115842490842491,0.7937648462648463,0.0419872796443791,0.5416666666666666,0.5416666666666666,0.5416666666666666,0.5416666666666666,0.5416666666666666,0.5625,0.5416666666666666,0.5625,0.45833333333333326,0.49999999999999994,0.5208333333333333,0.5208333333333333,0.5416666666666666,0.5208333333333333,0.5416666666666666,0.5319444444444444,0.02507704178509417,31,0.7604166666666666,0.7395833333333333,0.71875,0.75,0.6979166666666667,0.7604166666666667,0.7083333333333333,0.78125,0.7395833333333333,0.7291666666666667,0.7916666666666666,0.7395833333333334,0.7395833333333334,0.78125,0.7395833333333334,0.745138888888889,0.025760051376376946,0.46319444444444446,0.5260416666666666,0.4867063492063492,0.5252403846153846,0.49404761904761907,0.5162202380952381,0.4888392857142857,0.5257575757575758,0.43799603174603174,0.45124007936507937,0.48690476190476195,0.4926677489177489,0.4753111471861471,0.48113553113553115,0.5232638888888889,0.49163778351278353,0.026880156258534,31,0.7476123753697284,0.730367895992896,0.6969256072874493,0.7512237762237763,0.6920755918917684,0.7354953257526786,0.7080656368485316,0.7777365812292283,0.7299349547511311,0.6704683796595561,0.7930721690590112,0.7395791708291708,0.7184232026143791,0.7641340889502655,0.733238252975095,0.7325568672956444,0.0315261902992267
0.05242636998494466,0.008752450120526934,0.0205476442972819,0.0038373038212239307,2.0,linear,"{'classifier__C': 2, 'classifier__kernel': 'linear'}",0.625,0.7291666666666666,0.7291666666666666,0.7291666666666666,0.8125,0.7083333333333334,0.7291666666666666,0.7708333333333334,0.6666666666666666,0.625,0.6041666666666666,0.7083333333333334,0.6458333333333334,0.6666666666666666,0.6666666666666666,0.6944444444444445,0.056245713142546075,1,1.0,1.0,1.0,1.0,1.0,1.0,1.0,1.0,1.0,1.0,1.0,1.0,1.0,1.0,1.0,1.0,0.0,0.575,0.7875,0.7614583333333333,0.696875,0.8385416666666666,0.725,0.7666666666666666,0.7395833333333333,0.7041666666666666,0.640625,0.6145833333333333,0.7854166666666667,0.75625,0.7083333333333333,0.696875,0.7197916666666667,0.06752807200904865,1,1.0,1.0,1.0,1.0,1.0,1.0,1.0,1.0,1.0,1.0,1.0,1.0,1.0,1.0,1.0,1.0,0.0,0.625,0.7291666666666666,0.7291666666666666,0.7291666666666666,0.8125,0.7083333333333333,0.7291666666666666,0.7708333333333333,0.6666666666666666,0.625,0.6041666666666666,0.7083333333333333,0.6458333333333333,0.6666666666666666,0.6666666666666666,0.6944444444444444,0.056245713142546075,1,1.0,1.0,1.0,1.0,1.0,1.0,1.0,1.0,1.0,1.0,1.0,1.0,1.0,1.0,1.0,1.0,0.0,0.5818452380952381,0.7133928571428572,0.7174107142857142,0.6943452380952381,0.806845238095238,0.6924107142857143,0.7385416666666667,0.7392857142857142,0.6528273809523809,0.6166666666666667,0.5848214285714286,0.710218253968254,0.6293154761904762,0.6543154761904761,0.6549107142857142,0.6791435185185184,0.060060580937950206,1,1.0,1.0,1.0,1.0,1.0,1.0,1.0,1.0,1.0,1.0,1.0,1.0,1.0,1.0,1.0,1.0,0.0
0.0712205410003662,0.02761373430977641,0.0245698610941569,0.008101397140829634,2.0,rbf,"{'classifier__C': 2, 'classifier__kernel': 'rbf'}",0.6041666666666666,0.6875,0.6666666666666666,0.5833333333333334,0.6666666666666666,0.6458333333333334,0.7083333333333334,0.6875,0.6041666666666666,0.5416666666666666,0.5833333333333334,0.6458333333333334,0.6041666666666666,0.5833333333333334,0.7083333333333334,0.6347222222222223,0.05038432540893627,20,1.0,0.9895833333333334,1.0,0.9895833333333334,1.0,1.0,1.0,1.0,1.0,1.0,0.9895833333333334,1.0,1.0,1.0,1.0,0.9979166666666668,0.004166666666666651,0.6444940476190476,0.746577380952381,0.6833333333333333,0.5497023809523809,0.73125,0.6979166666666666,0.6927083333333333,0.709375,0.6625,0.53125,0.5427083333333333,0.6446428571428571,0.6364583333333333,0.6447916666666667,0.6729166666666666,0.6527083333333332,0.0638742804702593,20,1.0,0.9910714285714286,1.0,0.9910714285714286,1.0,1.0,1.0,1.0,1.0,1.0,0.9910714285714286,1.0,1.0,1.0,1.0,0.9982142857142857,0.0035714285714285587,0.6041666666666666,0.6875,0.6666666666666666,0.5833333333333333,0.6666666666666666,0.6458333333333333,0.7083333333333333,0.6875,0.6041666666666666,0.5416666666666666,0.5833333333333333,0.6458333333333333,0.6041666666666666,0.5833333333333333,0.7083333333333333,0.6347222222222223,0.05038432540893627,20,1.0,0.9895833333333334,1.0,0.9895833333333334,1.0,1.0,1.0,1.0,1.0,1.0,0.9895833333333334,1.0,1.0,1.0,1.0,0.9979166666666668,0.004166666666666651,0.5913690476190476,0.6632440476190475,0.6379464285714286,0.5333333333333333,0.6540178571428572,0.6439484126984126,0.6839285714285714,0.6599702380952381,0.6040178571428572,0.5081845238095238,0.5406249999999999,0.621875,0.5760416666666667,0.5750992063492064,0.6730654761904762,0.6111111111111112,0.05327876345287687,20,1.0,0.9895104895104896,1.0,0.9895104895104896,1.0,1.0,1.0,1.0,1.0,1.0,0.9895104895104896,1.0,1.0,1.0,1.0,0.997902097902098,0.004195804195804165
0.0586520512898763,0.021391949065597222,0.024326165517171223,0.007559496623918012,2.0,sigmoid,"{'classifier__C': 2, 'classifier__kernel': 'sigmoid'}",0.5625,0.5625,0.5833333333333334,0.5625,0.5416666666666666,0.6666666666666666,0.6875,0.6041666666666666,0.6041666666666666,0.5208333333333334,0.5833333333333334,0.5833333333333334,0.5416666666666666,0.5833333333333334,0.5833333333333334,0.5847222222222223,0.04267303193260336,29,0.875,0.8125,0.8229166666666666,0.8333333333333334,0.8333333333333334,0.8333333333333334,0.8125,0.84375,0.8333333333333334,0.8020833333333334,0.875,0.7916666666666666,0.8541666666666666,0.84375,0.8229166666666666,0.8326388888888888,0.02296921584519615,0.43824404761904756,0.6220238095238095,0.546875,0.6058035714285714,0.4681547619047619,0.6741071428571428,0.6270833333333333,0.6760912698412698,0.6270833333333333,0.47187500000000004,0.634375,0.6208333333333333,0.5546875,0.6302083333333334,0.5479166666666666,0.5830241402116402,0.07258344187362444,29,0.893154761904762,0.8544642857142857,0.8799603174603174,0.8772321428571428,0.8586309523809524,0.8558035714285714,0.8560019841269841,0.8729166666666667,0.874454365079365,0.8480045995670996,0.9113839285714286,0.862742465867466,0.8787202380952381,0.8669642857142857,0.8769612332112332,0.8711597199097199,0.016014038495074,0.5625,0.5625,0.5833333333333333,0.5625,0.5416666666666666,0.6666666666666666,0.6875,0.6041666666666666,0.6041666666666666,0.5208333333333333,0.5833333333333333,0.5833333333333333,0.5416666666666666,0.5833333333333333,0.5833333333333333,0.5847222222222223,0.042673031932603384,29,0.875,0.8125,0.8229166666666666,0.8333333333333334,0.8333333333333334,0.8333333333333334,0.8125,0.84375,0.8333333333333334,0.8020833333333334,0.875,0.7916666666666666,0.8541666666666667,0.84375,0.8229166666666667,0.8326388888888888,0.022969215845196154,0.4816964285714286,0.562797619047619,0.5483630952380952,0.5424107142857143,0.47467948717948716,0.6473214285714286,0.6383928571428571,0.5773809523809523,0.5904761904761904,0.471875,0.5681547619047618,0.5636498917748918,0.5086444805194805,0.5736607142857144,0.5367559523809524,0.552417304917305,0.05112905422235224,29,0.8717750999000999,0.8054152444777445,0.8254412254412253,0.8394251581751582,0.8331621503496504,0.82007992007992,0.8124000999001,0.845995670995671,0.8353531884781884,0.7916805008716774,0.8759147102897104,0.7964200595586044,0.8501477688977689,0.8399329836829836,0.8316793951662372,0.8316548784176491,0.02356885205757036
0.05219573974609375,0.009012307178090796,0.021246051788330077,0.004718740076512647,3.0,linear,"{'classifier__C': 3, 'classifier__kernel': 'linear'}",0.625,0.7291666666666666,0.7291666666666666,0.7291666666666666,0.8125,0.7083333333333334,0.7291666666666666,0.7708333333333334,0.6666666666666666,0.625,0.6041666666666666,0.7083333333333334,0.6458333333333334,0.6666666666666666,0.6666666666666666,0.6944444444444445,0.056245713142546075,1,1.0,1.0,1.0,1.0,1.0,1.0,1.0,1.0,1.0,1.0,1.0,1.0,1.0,1.0,1.0,1.0,0.0,0.575,0.7875,0.7614583333333333,0.696875,0.8385416666666666,0.725,0.7666666666666666,0.7395833333333333,0.7041666666666666,0.640625,0.6145833333333333,0.7854166666666667,0.75625,0.7083333333333333,0.696875,0.7197916666666667,0.06752807200904865,1,1.0,1.0,1.0,1.0,1.0,1.0,1.0,1.0,1.0,1.0,1.0,1.0,1.0,1.0,1.0,1.0,0.0,0.625,0.7291666666666666,0.7291666666666666,0.7291666666666666,0.8125,0.7083333333333333,0.7291666666666666,0.7708333333333333,0.6666666666666666,0.625,0.6041666666666666,0.7083333333333333,0.6458333333333333,0.6666666666666666,0.6666666666666666,0.6944444444444444,0.056245713142546075,1,1.0,1.0,1.0,1.0,1.0,1.0,1.0,1.0,1.0,1.0,1.0,1.0,1.0,1.0,1.0,1.0,0.0,0.5818452380952381,0.7133928571428572,0.7174107142857142,0.6943452380952381,0.806845238095238,0.6924107142857143,0.7385416666666667,0.7392857142857142,0.6528273809523809,0.6166666666666667,0.5848214285714286,0.710218253968254,0.6293154761904762,0.6543154761904761,0.6549107142857142,0.6791435185185184,0.060060580937950206,1,1.0,1.0,1.0,1.0,1.0,1.0,1.0,1.0,1.0,1.0,1.0,1.0,1.0,1.0,1.0,1.0,0.0
0.06609710057576497,0.0074510294174644,0.026701688766479492,0.0043903366667333394,3.0,rbf,"{'classifier__C': 3, 'classifier__kernel': 'rbf'}",0.6458333333333334,0.6875,0.6875,0.6458333333333334,0.6875,0.625,0.7083333333333334,0.7083333333333334,0.6041666666666666,0.5625,0.5833333333333334,0.6875,0.6041666666666666,0.6041666666666666,0.75,0.6527777777777778,0.052521306669969556,19,1.0,1.0,1.0,1.0,1.0,1.0,1.0,1.0,1.0,1.0,1.0,1.0,1.0,1.0,1.0,1.0,0.0,0.6677083333333333,0.7276041666666666,0.6729166666666666,0.6260416666666666,0.7684523809523809,0.6864583333333333,0.7541666666666667,0.7604166666666666,0.6572916666666666,0.6041666666666666,0.5427083333333333,0.6979166666666666,0.646875,0.6510416666666666,0.746875,0.6807093253968254,0.06167059066683769,19,1.0,1.0,1.0,1.0,1.0,1.0,1.0,1.0,1.0,1.0,1.0,1.0,1.0,1.0,1.0,1.0,0.0,0.6458333333333333,0.6875,0.6875,0.6458333333333333,0.6875,0.625,0.7083333333333333,0.7083333333333333,0.6041666666666666,0.5625,0.5833333333333333,0.6875,0.6041666666666666,0.6041666666666666,0.75,0.6527777777777778,0.05252130666996955,19,1.0,1.0,1.0,1.0,1.0,1.0,1.0,1.0,1.0,1.0,1.0,1.0,1.0,1.0,1.0,1.0,0.0,0.6243551587301587,0.6526920995670995,0.6525297619047619,0.596875,0.6800595238095238,0.6305555555555555,0.7077380952380952,0.6976190476190477,0.6010416666666667,0.5436011904761905,0.5406249999999999,0.6739583333333333,0.5739583333333333,0.598313492063492,0.7348214285714285,0.6339162457912458,0.05680329124307136,19,1.0,1.0,1.0,1.0,1.0,1.0,1.0,1.0,1.0,1.0,1.0,1.0,1.0,1.0,1.0,1.0,0.0
0.05830200513203939,0.010031175993586881,0.025086593627929688,0.00661102483873497,3.0,sigmoid,"{'classifier__C': 3, 'classifier__kernel': 'sigmoid'}",0.6041666666666666,0.5833333333333334,0.6666666666666666,0.6875,0.5416666666666666,0.625,0.625,0.6041666666666666,0.6041666666666666,0.5208333333333334,0.5416666666666666,0.5208333333333334,0.5416666666666666,0.6041666666666666,0.625,0.5930555555555556,0.04922234762963708,25,0.90625,0.84375,0.8645833333333334,0.8541666666666666,0.875,0.8541666666666666,0.8229166666666666,0.8541666666666666,0.8854166666666666,0.8854166666666666,0.9270833333333334,0.8333333333333334,0.8645833333333334,0.9166666666666666,0.8645833333333334,0.870138888888889,0.02868316170564359,0.605952380952381,0.6187499999999999,0.7213541666666666,0.6572916666666666,0.5247023809523809,0.6552083333333333,0.6122023809523809,0.6851190476190476,0.6927083333333333,0.5458333333333333,0.6119791666666666,0.5364583333333333,0.575,0.63125,0.609375,0.6188789682539682,0.05571423051129518,25,0.9325892857142857,0.8892721861471861,0.8936011904761905,0.8747023809523811,0.8975942460317461,0.8616071428571428,0.8528025793650793,0.8944805194805195,0.9082589285714286,0.9122023809523809,0.9427083333333333,0.8653769841269842,0.8736607142857142,0.9308035714285714,0.9017857142857143,0.8954297438672438,0.026036235323741858,0.6041666666666666,0.5833333333333333,0.6666666666666666,0.6875,0.5416666666666666,0.625,0.625,0.6041666666666666,0.6041666666666666,0.5208333333333333,0.5416666666666666,0.5208333333333333,0.5416666666666666,0.6041666666666666,0.625,0.5930555555555556,0.049222347629637106,25,0.90625,0.84375,0.8645833333333334,0.8541666666666667,0.875,0.8541666666666666,0.8229166666666667,0.8541666666666667,0.8854166666666667,0.8854166666666667,0.9270833333333334,0.8333333333333334,0.8645833333333334,0.9166666666666667,0.8645833333333334,0.870138888888889,0.028683161705643587,0.565327380952381,0.575595238095238,0.6485254329004329,0.6461309523809524,0.49238782051282054,0.6100198412698412,0.5979166666666667,0.5817307692307692,0.5979166666666667,0.4998511904761904,0.533495670995671,0.5034722222222222,0.5273809523809524,0.5922123015873015,0.603125,0.5716725404225405,0.04856698208148562,26,0.9058368714618714,0.845566320933968,0.8623272560772561,0.8548441142191142,0.8797244422244422,0.8488053613053613,0.8247055028305028,0.8610154551331022,0.8801490176490178,0.8844842657342658,0.9293290043290043,0.8316235847485847,0.8618194305694306,0.915605228105228,0.8704691142191142,0.8704203313026843,0.02863069898134872
0.05943191846211751,0.01818257423179372,0.024852434794108074,0.01099654843505156,4.0,linear,"{'classifier__C': 4, 'classifier__kernel': 'linear'}",0.625,0.7291666666666666,0.7291666666666666,0.7291666666666666,0.8125,0.7083333333333334,0.7291666666666666,0.7708333333333334,0.6666666666666666,0.625,0.6041666666666666,0.7083333333333334,0.6458333333333334,0.6666666666666666,0.6666666666666666,0.6944444444444445,0.056245713142546075,1,1.0,1.0,1.0,1.0,1.0,1.0,1.0,1.0,1.0,1.0,1.0,1.0,1.0,1.0,1.0,1.0,0.0,0.575,0.7875,0.7614583333333333,0.696875,0.8385416666666666,0.725,0.7666666666666666,0.7395833333333333,0.7041666666666666,0.640625,0.6145833333333333,0.7854166666666667,0.75625,0.7083333333333333,0.696875,0.7197916666666667,0.06752807200904865,1,1.0,1.0,1.0,1.0,1.0,1.0,1.0,1.0,1.0,1.0,1.0,1.0,1.0,1.0,1.0,1.0,0.0,0.625,0.7291666666666666,0.7291666666666666,0.7291666666666666,0.8125,0.7083333333333333,0.7291666666666666,0.7708333333333333,0.6666666666666666,0.625,0.6041666666666666,0.7083333333333333,0.6458333333333333,0.6666666666666666,0.6666666666666666,0.6944444444444444,0.056245713142546075,1,1.0,1.0,1.0,1.0,1.0,1.0,1.0,1.0,1.0,1.0,1.0,1.0,1.0,1.0,1.0,1.0,0.0,0.5818452380952381,0.7133928571428572,0.7174107142857142,0.6943452380952381,0.806845238095238,0.6924107142857143,0.7385416666666667,0.7392857142857142,0.6528273809523809,0.6166666666666667,0.5848214285714286,0.710218253968254,0.6293154761904762,0.6543154761904761,0.6549107142857142,0.6791435185185184,0.060060580937950206,1,1.0,1.0,1.0,1.0,1.0,1.0,1.0,1.0,1.0,1.0,1.0,1.0,1.0,1.0,1.0,1.0,0.0
0.06264333724975586,0.021636220120353638,0.02583152453104655,0.01384751395197457,4.0,rbf,"{'classifier__C': 4, 'classifier__kernel': 'rbf'}",0.6458333333333334,0.6875,0.6875,0.6875,0.7291666666666666,0.625,0.7083333333333334,0.7083333333333334,0.6041666666666666,0.5625,0.5833333333333334,0.6875,0.5833333333333334,0.5833333333333334,0.75,0.6555555555555556,0.05886005583449192,18,1.0,1.0,1.0,1.0,1.0,1.0,1.0,1.0,1.0,1.0,1.0,1.0,1.0,1.0,1.0,1.0,0.0,0.6677083333333333,0.7276041666666666,0.6729166666666666,0.73125,0.8340773809523809,0.7072916666666667,0.7541666666666667,0.7604166666666666,0.6364583333333333,0.6041666666666666,0.5458333333333333,0.6979166666666666,0.578125,0.6291666666666667,0.746875,0.6862648809523809,0.07499357197982805,18,1.0,1.0,1.0,1.0,1.0,1.0,1.0,1.0,1.0,1.0,1.0,1.0,1.0,1.0,1.0,1.0,0.0,0.6458333333333333,0.6875,0.6875,0.6875,0.7291666666666666,0.625,0.7083333333333333,0.7083333333333333,0.6041666666666666,0.5625,0.5833333333333333,0.6875,0.5833333333333333,0.5833333333333333,0.75,0.6555555555555556,0.058860055834491935,18,1.0,1.0,1.0,1.0,1.0,1.0,1.0,1.0,1.0,1.0,1.0,1.0,1.0,1.0,1.0,1.0,0.0,0.6243551587301587,0.6526920995670995,0.6525297619047619,0.656547619047619,0.7242559523809524,0.6388888888888888,0.7077380952380952,0.6976190476190477,0.5989583333333334,0.5436011904761905,0.5428571428571428,0.6739583333333333,0.5382440476190475,0.5777777777777777,0.7348214285714285,0.6376563251563251,0.06353320142720614,18,1.0,1.0,1.0,1.0,1.0,1.0,1.0,1.0,1.0,1.0,1.0,1.0,1.0,1.0,1.0,1.0,0.0
0.06664841969807943,0.022538467737386835,0.02537369728088379,0.011100322489028914,4.0,sigmoid,"{'classifier__C': 4, 'classifier__kernel': 'sigmoid'}",0.5833333333333334,0.5625,0.6458333333333334,0.6666666666666666,0.5416666666666666,0.6041666666666666,0.625,0.625,0.625,0.5,0.5833333333333334,0.5833333333333334,0.5625,0.5833333333333334,0.6041666666666666,0.5930555555555554,0.040872052693228224,27,0.9270833333333334,0.875,0.90625,0.8854166666666666,0.8854166666666666,0.875,0.8645833333333334,0.84375,0.9166666666666666,0.9166666666666666,0.9375,0.875,0.8854166666666666,0.9375,0.8958333333333334,0.8951388888888889,0.026751889283691974,0.5851190476190475,0.6,0.6726190476190476,0.6479166666666667,0.45424783549783543,0.6333333333333333,0.6622023809523809,0.6999053030303031,0.6822916666666666,0.4947916666666667,0.6434523809523809,0.5854166666666667,0.646875,0.6145833333333333,0.5989583333333333,0.6147808441558442,0.06484412331453937,26,0.9419642857142857,0.9155505952380952,0.9227678571428573,0.9069940476190477,0.9006696428571429,0.8970982142857143,0.8820684523809523,0.8741815476190476,0.9350198412698413,0.9279761904761905,0.9523809523809523,0.8977678571428571,0.8928571428571428,0.9450892857142856,0.9229166666666667,0.9143535052910055,0.022867458855477193,0.5833333333333333,0.5625,0.6458333333333333,0.6666666666666666,0.5416666666666666,0.6041666666666666,0.625,0.625,0.625,0.49999999999999994,0.5833333333333333,0.5833333333333333,0.5625,0.5833333333333333,0.6041666666666666,0.5930555555555554,0.040872052693228224,27,0.9270833333333334,0.875,0.90625,0.8854166666666667,0.8854166666666666,0.875,0.8645833333333334,0.84375,0.9166666666666667,0.9166666666666667,0.9375,0.875,0.8854166666666667,0.9375,0.8958333333333334,0.8951388888888889,0.026751889283691977,0.5477678571428571,0.5555059523809524,0.615625,0.6307539682539682,0.4675595238095238,0.5965277777777778,0.6055059523809523,0.6016369047619048,0.6125,0.4742559523809524,0.5721726190476191,0.5733630952380953,0.5507440476190476,0.5849206349206348,0.5718749999999999,0.5707142857142856,0.045836560647043674,27,0.9283071095571096,0.8807916042291042,0.90626665001665,0.885972360972361,0.8876935564435564,0.8734453046953048,0.8599546287046287,0.8481138653013653,0.9153117715617716,0.9161421911421912,0.9398601398601398,0.878636988011988,0.8821116383616384,0.9377497502497503,0.9026650432900433,0.8962015068265068,0.026626609060109302
0.060075902938842775,0.014773626194964374,0.025404914220174154,0.009762792295365155,5.0,linear,"{'classifier__C': 5, 'classifier__kernel': 'linear'}",0.625,0.7291666666666666,0.7291666666666666,0.7291666666666666,0.8125,0.7083333333333334,0.7291666666666666,0.7708333333333334,0.6666666666666666,0.625,0.6041666666666666,0.7083333333333334,0.6458333333333334,0.6666666666666666,0.6666666666666666,0.6944444444444445,0.056245713142546075,1,1.0,1.0,1.0,1.0,1.0,1.0,1.0,1.0,1.0,1.0,1.0,1.0,1.0,1.0,1.0,1.0,0.0,0.575,0.7875,0.7614583333333333,0.696875,0.8385416666666666,0.725,0.7666666666666666,0.7395833333333333,0.7041666666666666,0.640625,0.6145833333333333,0.7854166666666667,0.75625,0.7083333333333333,0.696875,0.7197916666666667,0.06752807200904865,1,1.0,1.0,1.0,1.0,1.0,1.0,1.0,1.0,1.0,1.0,1.0,1.0,1.0,1.0,1.0,1.0,0.0,0.625,0.7291666666666666,0.7291666666666666,0.7291666666666666,0.8125,0.7083333333333333,0.7291666666666666,0.7708333333333333,0.6666666666666666,0.625,0.6041666666666666,0.7083333333333333,0.6458333333333333,0.6666666666666666,0.6666666666666666,0.6944444444444444,0.056245713142546075,1,1.0,1.0,1.0,1.0,1.0,1.0,1.0,1.0,1.0,1.0,1.0,1.0,1.0,1.0,1.0,1.0,0.0,0.5818452380952381,0.7133928571428572,0.7174107142857142,0.6943452380952381,0.806845238095238,0.6924107142857143,0.7385416666666667,0.7392857142857142,0.6528273809523809,0.6166666666666667,0.5848214285714286,0.710218253968254,0.6293154761904762,0.6543154761904761,0.6549107142857142,0.6791435185185184,0.060060580937950206,1,1.0,1.0,1.0,1.0,1.0,1.0,1.0,1.0,1.0,1.0,1.0,1.0,1.0,1.0,1.0,1.0,0.0
0.06505935986836751,0.016099241008114603,0.02377783457438151,0.006729668995466119,5.0,rbf,"{'classifier__C': 5, 'classifier__kernel': 'rbf'}",0.6458333333333334,0.6875,0.6875,0.6875,0.7291666666666666,0.625,0.7083333333333334,0.7083333333333334,0.6041666666666666,0.5625,0.6041666666666666,0.6875,0.5833333333333334,0.5833333333333334,0.75,0.6569444444444446,0.05736632341128718,12,1.0,1.0,1.0,1.0,1.0,1.0,1.0,1.0,1.0,1.0,1.0,1.0,1.0,1.0,1.0,1.0,0.0,0.6677083333333333,0.7276041666666666,0.6729166666666666,0.73125,0.8340773809523809,0.7072916666666667,0.7541666666666667,0.7604166666666666,0.6364583333333333,0.6041666666666666,0.5677083333333333,0.6979166666666666,0.578125,0.6291666666666667,0.746875,0.6877232142857143,0.07241697404587075,12,1.0,1.0,1.0,1.0,1.0,1.0,1.0,1.0,1.0,1.0,1.0,1.0,1.0,1.0,1.0,1.0,0.0,0.6458333333333333,0.6875,0.6875,0.6875,0.7291666666666666,0.625,0.7083333333333333,0.7083333333333333,0.6041666666666666,0.5625,0.6041666666666666,0.6875,0.5833333333333333,0.5833333333333333,0.75,0.6569444444444446,0.05736632341128718,12,1.0,1.0,1.0,1.0,1.0,1.0,1.0,1.0,1.0,1.0,1.0,1.0,1.0,1.0,1.0,1.0,0.0,0.6243551587301587,0.6526920995670995,0.6525297619047619,0.656547619047619,0.7242559523809524,0.6388888888888888,0.7077380952380952,0.6976190476190477,0.5989583333333334,0.5436011904761905,0.562202380952381,0.6739583333333333,0.5382440476190475,0.5777777777777777,0.7348214285714285,0.6389460076960076,0.061767563639497244,12,1.0,1.0,1.0,1.0,1.0,1.0,1.0,1.0,1.0,1.0,1.0,1.0,1.0,1.0,1.0,1.0,0.0
0.05566980044047038,0.01936691049697753,0.020818010965983073,0.004792845824624319,5.0,sigmoid,"{'classifier__C': 5, 'classifier__kernel': 'sigmoid'}",0.5625,0.5833333333333334,0.7083333333333334,0.6875,0.5416666666666666,0.6041666666666666,0.5833333333333334,0.5833333333333334,0.6041666666666666,0.5,0.5625,0.5625,0.5416666666666666,0.5833333333333334,0.6041666666666666,0.5875,0.05114431288756103,28,0.9270833333333334,0.8645833333333334,0.8958333333333334,0.8645833333333334,0.875,0.9166666666666666,0.8645833333333334,0.8645833333333334,0.9270833333333334,0.9375,0.9375,0.8958333333333334,0.90625,0.9479166666666666,0.8854166666666666,0.9006944444444444,0.029183196374237063,0.5382440476190475,0.59375,0.7682291666666667,0.66875,0.4549107142857143,0.66875,0.6052083333333333,0.6625,0.6447916666666667,0.5572916666666667,0.6361607142857143,0.5802083333333333,0.5997023809523809,0.621875,0.5916666666666667,0.6128025793650793,0.06841558096105171,27,0.9467261904761906,0.8913690476190477,0.9123511904761905,0.889186507936508,0.9016617063492063,0.9315476190476191,0.8767857142857143,0.8939732142857143,0.9419642857142858,0.9494047619047619,0.9520089285714286,0.9101190476190476,0.9107142857142858,0.9523809523809524,0.9050595238095238,0.9176835317460319,0.02490415958826996,0.5625,0.5833333333333333,0.7083333333333333,0.6875,0.5416666666666666,0.6041666666666666,0.5833333333333333,0.5833333333333333,0.6041666666666666,0.49999999999999994,0.5625,0.5625,0.5416666666666666,0.5833333333333333,0.6041666666666666,0.5875,0.05114431288756102,28,0.9270833333333334,0.8645833333333334,0.8958333333333334,0.8645833333333334,0.875,0.9166666666666667,0.8645833333333334,0.8645833333333334,0.9270833333333334,0.9375,0.9375,0.8958333333333334,0.90625,0.9479166666666667,0.8854166666666667,0.9006944444444444,0.029183196374237077,0.5174107142857143,0.5697916666666667,0.7012040043290044,0.6498015873015872,0.4699175824175824,0.6051587301587301,0.5549107142857143,0.5698832417582418,0.5958333333333333,0.49479166666666663,0.5625,0.5614583333333334,0.522172619047619,0.5832837301587301,0.5699404761904762,0.5685372266622266,0.055805301808132195,28,0.9311261655011656,0.8692801989676989,0.8958499833499833,0.8677010489510489,0.8816912254412255,0.9167540792540794,0.8627039627039628,0.8687578046953047,0.9265484515484514,0.9373730436230436,0.9399975024975026,0.8974254911754911,0.9033528971028971,0.9485722610722611,0.8894594988344988,0.9024395743145743,0.02835054091452609
0.05587445894877116,0.00836075804315255,0.023348410924275715,0.005358360591039696,6.0,linear,"{'classifier__C': 6, 'classifier__kernel': 'linear'}",0.625,0.7291666666666666,0.7291666666666666,0.7291666666666666,0.8125,0.7083333333333334,0.7291666666666666,0.7708333333333334,0.6666666666666666,0.625,0.6041666666666666,0.7083333333333334,0.6458333333333334,0.6666666666666666,0.6666666666666666,0.6944444444444445,0.056245713142546075,1,1.0,1.0,1.0,1.0,1.0,1.0,1.0,1.0,1.0,1.0,1.0,1.0,1.0,1.0,1.0,1.0,0.0,0.575,0.7875,0.7614583333333333,0.696875,0.8385416666666666,0.725,0.7666666666666666,0.7395833333333333,0.7041666666666666,0.640625,0.6145833333333333,0.7854166666666667,0.75625,0.7083333333333333,0.696875,0.7197916666666667,0.06752807200904865,1,1.0,1.0,1.0,1.0,1.0,1.0,1.0,1.0,1.0,1.0,1.0,1.0,1.0,1.0,1.0,1.0,0.0,0.625,0.7291666666666666,0.7291666666666666,0.7291666666666666,0.8125,0.7083333333333333,0.7291666666666666,0.7708333333333333,0.6666666666666666,0.625,0.6041666666666666,0.7083333333333333,0.6458333333333333,0.6666666666666666,0.6666666666666666,0.6944444444444444,0.056245713142546075,1,1.0,1.0,1.0,1.0,1.0,1.0,1.0,1.0,1.0,1.0,1.0,1.0,1.0,1.0,1.0,1.0,0.0,0.5818452380952381,0.7133928571428572,0.7174107142857142,0.6943452380952381,0.806845238095238,0.6924107142857143,0.7385416666666667,0.7392857142857142,0.6528273809523809,0.6166666666666667,0.5848214285714286,0.710218253968254,0.6293154761904762,0.6543154761904761,0.6549107142857142,0.6791435185185184,0.060060580937950206,1,1.0,1.0,1.0,1.0,1.0,1.0,1.0,1.0,1.0,1.0,1.0,1.0,1.0,1.0,1.0,1.0,0.0
0.07023892402648926,0.013406928323733065,0.025233109792073567,0.005223774564365102,6.0,rbf,"{'classifier__C': 6, 'classifier__kernel': 'rbf'}",0.6458333333333334,0.6875,0.6875,0.6875,0.7291666666666666,0.625,0.7083333333333334,0.7083333333333334,0.6041666666666666,0.5625,0.6041666666666666,0.6875,0.5833333333333334,0.5833333333333334,0.75,0.6569444444444446,0.05736632341128718,12,1.0,1.0,1.0,1.0,1.0,1.0,1.0,1.0,1.0,1.0,1.0,1.0,1.0,1.0,1.0,1.0,0.0,0.6677083333333333,0.7276041666666666,0.6729166666666666,0.73125,0.8340773809523809,0.7072916666666667,0.7541666666666667,0.7604166666666666,0.6364583333333333,0.6041666666666666,0.5677083333333333,0.6979166666666666,0.578125,0.6291666666666667,0.746875,0.6877232142857143,0.07241697404587075,12,1.0,1.0,1.0,1.0,1.0,1.0,1.0,1.0,1.0,1.0,1.0,1.0,1.0,1.0,1.0,1.0,0.0,0.6458333333333333,0.6875,0.6875,0.6875,0.7291666666666666,0.625,0.7083333333333333,0.7083333333333333,0.6041666666666666,0.5625,0.6041666666666666,0.6875,0.5833333333333333,0.5833333333333333,0.75,0.6569444444444446,0.05736632341128718,12,1.0,1.0,1.0,1.0,1.0,1.0,1.0,1.0,1.0,1.0,1.0,1.0,1.0,1.0,1.0,1.0,0.0,0.6243551587301587,0.6526920995670995,0.6525297619047619,0.656547619047619,0.7242559523809524,0.6388888888888888,0.7077380952380952,0.6976190476190477,0.5989583333333334,0.5436011904761905,0.562202380952381,0.6739583333333333,0.5382440476190475,0.5777777777777777,0.7348214285714285,0.6389460076960076,0.061767563639497244,12,1.0,1.0,1.0,1.0,1.0,1.0,1.0,1.0,1.0,1.0,1.0,1.0,1.0,1.0,1.0,1.0,0.0
0.05791279474894206,0.011801878248577096,0.022906700770060223,0.006419678996101602,6.0,sigmoid,"{'classifier__C': 6, 'classifier__kernel': 'sigmoid'}",0.5416666666666666,0.625,0.6875,0.7083333333333334,0.5625,0.6666666666666666,0.5833333333333334,0.5625,0.6041666666666666,0.5208333333333334,0.5625,0.5416666666666666,0.5416666666666666,0.6041666666666666,0.5833333333333334,0.5930555555555556,0.054786341453655615,25,0.9270833333333334,0.8645833333333334,0.8958333333333334,0.8958333333333334,0.875,0.9166666666666666,0.90625,0.8958333333333334,0.9166666666666666,0.9583333333333334,0.9375,0.8958333333333334,0.90625,0.9375,0.90625,0.9090277777777779,0.023590677432587533,0.5278273809523809,0.603125,0.7484375,0.6885416666666666,0.5212121212121212,0.7307291666666667,0.6052083333333333,0.63125,0.640625,0.5208333333333333,0.6458333333333333,0.5416666666666666,0.565625,0.6666666666666666,0.546577380952381,0.6122772366522367,0.07258724955131766,28,0.9467261904761906,0.8952245670995671,0.9112351190476191,0.917906746031746,0.9016617063492063,0.9242559523809525,0.9203869047619049,0.9190228174603174,0.9294642857142857,0.9665178571428572,0.9528769841269842,0.9133184523809524,0.9107142857142858,0.9482886904761905,0.9192708333333334,0.9251247594997596,0.019385404464189127,0.5416666666666666,0.625,0.6875,0.7083333333333333,0.5625,0.6666666666666666,0.5833333333333333,0.5625,0.6041666666666666,0.5208333333333333,0.5625,0.5416666666666666,0.5416666666666666,0.6041666666666666,0.5833333333333333,0.5930555555555556,0.05478634145365561,25,0.9270833333333334,0.8645833333333334,0.8958333333333333,0.8958333333333333,0.875,0.9166666666666667,0.90625,0.8958333333333334,0.9166666666666666,0.9583333333333334,0.9375,0.8958333333333334,0.90625,0.9375,0.90625,0.9090277777777779,0.023590677432587547,0.5007440476190477,0.5979166666666667,0.6816603535353536,0.6731646825396825,0.5029761904761905,0.6574540043290042,0.5549107142857143,0.5584821428571429,0.5943452380952381,0.5061011904761905,0.5651785714285714,0.5327380952380952,0.5101190476190476,0.6038690476190476,0.5461309523809523,0.5723860630110631,0.059156330746514274,25,0.9311261655011656,0.871103283970931,0.8981123043623044,0.8977439227439228,0.8816912254412255,0.9157800532800533,0.9078400765900765,0.9004412254412255,0.9151848151848152,0.9587287712287713,0.941215034965035,0.8979229104229104,0.9033528971028971,0.9382471694971695,0.9088203463203464,0.9111540134701899,0.02240050771676068
0.05922938982645671,0.009159473957884507,0.024884970982869466,0.00630861593175004,7.0,linear,"{'classifier__C': 7, 'classifier__kernel': 'linear'}",0.625,0.7291666666666666,0.7291666666666666,0.7291666666666666,0.8125,0.7083333333333334,0.7291666666666666,0.7708333333333334,0.6666666666666666,0.625,0.6041666666666666,0.7083333333333334,0.6458333333333334,0.6666666666666666,0.6666666666666666,0.6944444444444445,0.056245713142546075,1,1.0,1.0,1.0,1.0,1.0,1.0,1.0,1.0,1.0,1.0,1.0,1.0,1.0,1.0,1.0,1.0,0.0,0.575,0.7875,0.7614583333333333,0.696875,0.8385416666666666,0.725,0.7666666666666666,0.7395833333333333,0.7041666666666666,0.640625,0.6145833333333333,0.7854166666666667,0.75625,0.7083333333333333,0.696875,0.7197916666666667,0.06752807200904865,1,1.0,1.0,1.0,1.0,1.0,1.0,1.0,1.0,1.0,1.0,1.0,1.0,1.0,1.0,1.0,1.0,0.0,0.625,0.7291666666666666,0.7291666666666666,0.7291666666666666,0.8125,0.7083333333333333,0.7291666666666666,0.7708333333333333,0.6666666666666666,0.625,0.6041666666666666,0.7083333333333333,0.6458333333333333,0.6666666666666666,0.6666666666666666,0.6944444444444444,0.056245713142546075,1,1.0,1.0,1.0,1.0,1.0,1.0,1.0,1.0,1.0,1.0,1.0,1.0,1.0,1.0,1.0,1.0,0.0,0.5818452380952381,0.7133928571428572,0.7174107142857142,0.6943452380952381,0.806845238095238,0.6924107142857143,0.7385416666666667,0.7392857142857142,0.6528273809523809,0.6166666666666667,0.5848214285714286,0.710218253968254,0.6293154761904762,0.6543154761904761,0.6549107142857142,0.6791435185185184,0.060060580937950206,1,1.0,1.0,1.0,1.0,1.0,1.0,1.0,1.0,1.0,1.0,1.0,1.0,1.0,1.0,1.0,1.0,0.0
0.06979719797770183,0.010920964753032898,0.02691049575805664,0.005613987733696331,7.0,rbf,"{'classifier__C': 7, 'classifier__kernel': 'rbf'}",0.6458333333333334,0.6875,0.6875,0.6875,0.7291666666666666,0.625,0.7083333333333334,0.7083333333333334,0.6041666666666666,0.5625,0.6041666666666666,0.6875,0.5833333333333334,0.5833333333333334,0.75,0.6569444444444446,0.05736632341128718,12,1.0,1.0,1.0,1.0,1.0,1.0,1.0,1.0,1.0,1.0,1.0,1.0,1.0,1.0,1.0,1.0,0.0,0.6677083333333333,0.7276041666666666,0.6729166666666666,0.73125,0.8340773809523809,0.7072916666666667,0.7541666666666667,0.7604166666666666,0.6364583333333333,0.6041666666666666,0.5677083333333333,0.6979166666666666,0.578125,0.6291666666666667,0.746875,0.6877232142857143,0.07241697404587075,12,1.0,1.0,1.0,1.0,1.0,1.0,1.0,1.0,1.0,1.0,1.0,1.0,1.0,1.0,1.0,1.0,0.0,0.6458333333333333,0.6875,0.6875,0.6875,0.7291666666666666,0.625,0.7083333333333333,0.7083333333333333,0.6041666666666666,0.5625,0.6041666666666666,0.6875,0.5833333333333333,0.5833333333333333,0.75,0.6569444444444446,0.05736632341128718,12,1.0,1.0,1.0,1.0,1.0,1.0,1.0,1.0,1.0,1.0,1.0,1.0,1.0,1.0,1.0,1.0,0.0,0.6243551587301587,0.6526920995670995,0.6525297619047619,0.656547619047619,0.7242559523809524,0.6388888888888888,0.7077380952380952,0.6976190476190477,0.5989583333333334,0.5436011904761905,0.562202380952381,0.6739583333333333,0.5382440476190475,0.5777777777777777,0.7348214285714285,0.6389460076960076,0.061767563639497244,12,1.0,1.0,1.0,1.0,1.0,1.0,1.0,1.0,1.0,1.0,1.0,1.0,1.0,1.0,1.0,1.0,0.0
0.06260641415913899,0.010585020398789153,0.02486731211344401,0.008992947034127556,7.0,sigmoid,"{'classifier__C': 7, 'classifier__kernel': 'sigmoid'}",0.5625,0.6666666666666666,0.6875,0.7083333333333334,0.5833333333333334,0.6666666666666666,0.6041666666666666,0.5625,0.625,0.5833333333333334,0.5416666666666666,0.5208333333333334,0.5625,0.6458333333333334,0.5833333333333334,0.6069444444444444,0.0547863414536556,22,0.9270833333333334,0.8541666666666666,0.9166666666666666,0.90625,0.8958333333333334,0.9166666666666666,0.9166666666666666,0.8958333333333334,0.9166666666666666,0.9479166666666666,0.9270833333333334,0.8958333333333334,0.90625,0.9375,0.9166666666666666,0.9118055555555554,0.02113211674264297,0.5382440476190475,0.6875,0.7770833333333333,0.6885416666666666,0.7060897435897435,0.74375,0.678125,0.6208333333333332,0.621875,0.584375,0.6145833333333333,0.53125,0.603125,0.6947916666666667,0.5427083333333333,0.6421916971916971,0.07319480144518976,23,0.9453125,0.8886769480519481,0.9290922619047619,0.9246031746031746,0.9140625,0.9253720238095238,0.9308035714285714,0.9190228174603174,0.9305803571428571,0.9561011904761905,0.9439484126984128,0.9143353174603175,0.9107142857142858,0.9482886904761905,0.9274553571428572,0.9272246272246272,0.016507538784500713,0.5625,0.6666666666666666,0.6875,0.7083333333333333,0.5833333333333333,0.6666666666666666,0.6041666666666666,0.5625,0.625,0.5833333333333333,0.5416666666666666,0.5208333333333333,0.5625,0.6458333333333333,0.5833333333333333,0.6069444444444444,0.05478634145365561,22,0.9270833333333334,0.8541666666666667,0.9166666666666667,0.90625,0.8958333333333334,0.9166666666666667,0.9166666666666667,0.8958333333333334,0.9166666666666667,0.9479166666666667,0.9270833333333334,0.8958333333333334,0.90625,0.9375,0.9166666666666667,0.9118055555555556,0.021132116742642967,0.5174107142857143,0.6540178571428572,0.6850694444444444,0.6731646825396825,0.5744791666666667,0.6635416666666667,0.5921130952380952,0.5543154761904762,0.5952380952380952,0.571875,0.5401785714285714,0.5178571428571429,0.540327380952381,0.6437003968253968,0.5478670634920635,0.5914103835978837,0.05620696617445209,24,0.9308170995670997,0.8617272433448904,0.9182171994671995,0.90754662004662,0.9002435064935066,0.9164668664668665,0.9193931068931069,0.9004412254412255,0.917007992007992,0.9483121045621046,0.9307255244755245,0.8980061605061604,0.9033528971028971,0.9382471694971695,0.9185501998001998,0.9139369943781708,0.0198776000078104
0.05103281339009603,0.00859496069715251,0.021290334065755208,0.004366523794657349,8.0,linear,"{'classifier__C': 8, 'classifier__kernel': 'linear'}",0.625,0.7291666666666666,0.7291666666666666,0.7291666666666666,0.8125,0.7083333333333334,0.7291666666666666,0.7708333333333334,0.6666666666666666,0.625,0.6041666666666666,0.7083333333333334,0.6458333333333334,0.6666666666666666,0.6666666666666666,0.6944444444444445,0.056245713142546075,1,1.0,1.0,1.0,1.0,1.0,1.0,1.0,1.0,1.0,1.0,1.0,1.0,1.0,1.0,1.0,1.0,0.0,0.575,0.7875,0.7614583333333333,0.696875,0.8385416666666666,0.725,0.7666666666666666,0.7395833333333333,0.7041666666666666,0.640625,0.6145833333333333,0.7854166666666667,0.75625,0.7083333333333333,0.696875,0.7197916666666667,0.06752807200904865,1,1.0,1.0,1.0,1.0,1.0,1.0,1.0,1.0,1.0,1.0,1.0,1.0,1.0,1.0,1.0,1.0,0.0,0.625,0.7291666666666666,0.7291666666666666,0.7291666666666666,0.8125,0.7083333333333333,0.7291666666666666,0.7708333333333333,0.6666666666666666,0.625,0.6041666666666666,0.7083333333333333,0.6458333333333333,0.6666666666666666,0.6666666666666666,0.6944444444444444,0.056245713142546075,1,1.0,1.0,1.0,1.0,1.0,1.0,1.0,1.0,1.0,1.0,1.0,1.0,1.0,1.0,1.0,1.0,0.0,0.5818452380952381,0.7133928571428572,0.7174107142857142,0.6943452380952381,0.806845238095238,0.6924107142857143,0.7385416666666667,0.7392857142857142,0.6528273809523809,0.6166666666666667,0.5848214285714286,0.710218253968254,0.6293154761904762,0.6543154761904761,0.6549107142857142,0.6791435185185184,0.060060580937950206,1,1.0,1.0,1.0,1.0,1.0,1.0,1.0,1.0,1.0,1.0,1.0,1.0,1.0,1.0,1.0,1.0,0.0
0.06624247233072916,0.013548331492676643,0.024863513310750325,0.0051777604051005885,8.0,rbf,"{'classifier__C': 8, 'classifier__kernel': 'rbf'}",0.6458333333333334,0.6875,0.6875,0.6875,0.7291666666666666,0.625,0.7083333333333334,0.7083333333333334,0.6041666666666666,0.5625,0.6041666666666666,0.6875,0.5833333333333334,0.5833333333333334,0.75,0.6569444444444446,0.05736632341128718,12,1.0,1.0,1.0,1.0,1.0,1.0,1.0,1.0,1.0,1.0,1.0,1.0,1.0,1.0,1.0,1.0,0.0,0.6677083333333333,0.7276041666666666,0.6729166666666666,0.73125,0.8340773809523809,0.7072916666666667,0.7541666666666667,0.7604166666666666,0.6364583333333333,0.6041666666666666,0.5677083333333333,0.6979166666666666,0.578125,0.6291666666666667,0.746875,0.6877232142857143,0.07241697404587075,12,1.0,1.0,1.0,1.0,1.0,1.0,1.0,1.0,1.0,1.0,1.0,1.0,1.0,1.0,1.0,1.0,0.0,0.6458333333333333,0.6875,0.6875,0.6875,0.7291666666666666,0.625,0.7083333333333333,0.7083333333333333,0.6041666666666666,0.5625,0.6041666666666666,0.6875,0.5833333333333333,0.5833333333333333,0.75,0.6569444444444446,0.05736632341128718,12,1.0,1.0,1.0,1.0,1.0,1.0,1.0,1.0,1.0,1.0,1.0,1.0,1.0,1.0,1.0,1.0,0.0,0.6243551587301587,0.6526920995670995,0.6525297619047619,0.656547619047619,0.7242559523809524,0.6388888888888888,0.7077380952380952,0.6976190476190477,0.5989583333333334,0.5436011904761905,0.562202380952381,0.6739583333333333,0.5382440476190475,0.5777777777777777,0.7348214285714285,0.6389460076960076,0.061767563639497244,12,1.0,1.0,1.0,1.0,1.0,1.0,1.0,1.0,1.0,1.0,1.0,1.0,1.0,1.0,1.0,1.0,0.0
0.05865772565205892,0.011660394386007862,0.021982796986897788,0.005128262217700282,8.0,sigmoid,"{'classifier__C': 8, 'classifier__kernel': 'sigmoid'}",0.5625,0.6458333333333334,0.6875,0.7083333333333334,0.5833333333333334,0.6666666666666666,0.6041666666666666,0.5833333333333334,0.625,0.5625,0.5,0.5416666666666666,0.5833333333333334,0.6458333333333334,0.5833333333333334,0.6055555555555556,0.05510231784688159,24,0.9270833333333334,0.8645833333333334,0.9479166666666666,0.9166666666666666,0.9166666666666666,0.9375,0.9270833333333334,0.9166666666666666,0.9375,0.9479166666666666,0.9166666666666666,0.8958333333333334,0.90625,0.9479166666666666,0.90625,0.9208333333333332,0.021783871029664042,0.543452380952381,0.6947916666666667,0.7791666666666667,0.6822916666666666,0.7113095238095238,0.74375,0.678125,0.6416666666666666,0.640625,0.5614583333333333,0.609375,0.5416666666666666,0.66875,0.6947916666666667,0.5553571428571429,0.6497718253968254,0.07170412018566227,21,0.9461805555555556,0.8915178571428571,0.9583333333333334,0.9350198412698414,0.9330357142857143,0.9413690476190477,0.9430803571428572,0.9383680555555556,0.9482886904761905,0.9561011904761905,0.9398561507936508,0.9143353174603175,0.9092261904761905,0.9632936507936508,0.9253472222222222,0.9362235449735448,0.01877801288706073,0.5625,0.6458333333333333,0.6875,0.7083333333333333,0.5833333333333333,0.6666666666666666,0.6041666666666666,0.5833333333333333,0.625,0.5625,0.49999999999999994,0.5416666666666666,0.5833333333333333,0.6458333333333333,0.5833333333333333,0.6055555555555556,0.05510231784688159,24,0.9270833333333334,0.8645833333333333,0.9479166666666667,0.9166666666666667,0.9166666666666666,0.9375,0.9270833333333334,0.9166666666666667,0.9375,0.9479166666666667,0.9166666666666667,0.8958333333333334,0.90625,0.9479166666666667,0.90625,0.9208333333333332,0.021783871029664087,0.5186011904761905,0.6492559523809524,0.6861378205128205,0.6709325396825396,0.5775647759103641,0.6635416666666667,0.5921130952380952,0.5751488095238095,0.6056547619047619,0.5473214285714286,0.5191558441558441,0.5343253968253968,0.5738095238095238,0.6437003968253968,0.5540178571428571,0.5940854039751097,0.054506854440275476,22,0.9314123376623377,0.8697068556443557,0.9496212121212121,0.9179632867132868,0.918691724941725,0.9359994172494173,0.9303821178821179,0.9224837662337663,0.9382471694971695,0.9483121045621046,0.9212745587745588,0.8980061605061604,0.9034257409257409,0.950495337995338,0.9105790043290043,0.9231067196692196,0.02110512705853177
0.060446564356486,0.021307775196983212,0.024553251266479493,0.004851157918470299,9.0,linear,"{'classifier__C': 9, 'classifier__kernel': 'linear'}",0.625,0.7291666666666666,0.7291666666666666,0.7291666666666666,0.8125,0.7083333333333334,0.7291666666666666,0.7708333333333334,0.6666666666666666,0.625,0.6041666666666666,0.7083333333333334,0.6458333333333334,0.6666666666666666,0.6666666666666666,0.6944444444444445,0.056245713142546075,1,1.0,1.0,1.0,1.0,1.0,1.0,1.0,1.0,1.0,1.0,1.0,1.0,1.0,1.0,1.0,1.0,0.0,0.575,0.7875,0.7614583333333333,0.696875,0.8385416666666666,0.725,0.7666666666666666,0.7395833333333333,0.7041666666666666,0.640625,0.6145833333333333,0.7854166666666667,0.75625,0.7083333333333333,0.696875,0.7197916666666667,0.06752807200904865,1,1.0,1.0,1.0,1.0,1.0,1.0,1.0,1.0,1.0,1.0,1.0,1.0,1.0,1.0,1.0,1.0,0.0,0.625,0.7291666666666666,0.7291666666666666,0.7291666666666666,0.8125,0.7083333333333333,0.7291666666666666,0.7708333333333333,0.6666666666666666,0.625,0.6041666666666666,0.7083333333333333,0.6458333333333333,0.6666666666666666,0.6666666666666666,0.6944444444444444,0.056245713142546075,1,1.0,1.0,1.0,1.0,1.0,1.0,1.0,1.0,1.0,1.0,1.0,1.0,1.0,1.0,1.0,1.0,0.0,0.5818452380952381,0.7133928571428572,0.7174107142857142,0.6943452380952381,0.806845238095238,0.6924107142857143,0.7385416666666667,0.7392857142857142,0.6528273809523809,0.6166666666666667,0.5848214285714286,0.710218253968254,0.6293154761904762,0.6543154761904761,0.6549107142857142,0.6791435185185184,0.060060580937950206,1,1.0,1.0,1.0,1.0,1.0,1.0,1.0,1.0,1.0,1.0,1.0,1.0,1.0,1.0,1.0,1.0,0.0
0.07686985333760579,0.01808381637486758,0.028250726064046223,0.006845914990496482,9.0,rbf,"{'classifier__C': 9, 'classifier__kernel': 'rbf'}",0.6458333333333334,0.6875,0.6875,0.6875,0.7291666666666666,0.625,0.7083333333333334,0.7083333333333334,0.6041666666666666,0.5625,0.6041666666666666,0.6875,0.5833333333333334,0.5833333333333334,0.75,0.6569444444444446,0.05736632341128718,12,1.0,1.0,1.0,1.0,1.0,1.0,1.0,1.0,1.0,1.0,1.0,1.0,1.0,1.0,1.0,1.0,0.0,0.6677083333333333,0.7276041666666666,0.6729166666666666,0.73125,0.8340773809523809,0.7072916666666667,0.7541666666666667,0.7604166666666666,0.6364583333333333,0.6041666666666666,0.5677083333333333,0.6979166666666666,0.578125,0.6291666666666667,0.746875,0.6877232142857143,0.07241697404587075,12,1.0,1.0,1.0,1.0,1.0,1.0,1.0,1.0,1.0,1.0,1.0,1.0,1.0,1.0,1.0,1.0,0.0,0.6458333333333333,0.6875,0.6875,0.6875,0.7291666666666666,0.625,0.7083333333333333,0.7083333333333333,0.6041666666666666,0.5625,0.6041666666666666,0.6875,0.5833333333333333,0.5833333333333333,0.75,0.6569444444444446,0.05736632341128718,12,1.0,1.0,1.0,1.0,1.0,1.0,1.0,1.0,1.0,1.0,1.0,1.0,1.0,1.0,1.0,1.0,0.0,0.6243551587301587,0.6526920995670995,0.6525297619047619,0.656547619047619,0.7242559523809524,0.6388888888888888,0.7077380952380952,0.6976190476190477,0.5989583333333334,0.5436011904761905,0.562202380952381,0.6739583333333333,0.5382440476190475,0.5777777777777777,0.7348214285714285,0.6389460076960076,0.061767563639497244,12,1.0,1.0,1.0,1.0,1.0,1.0,1.0,1.0,1.0,1.0,1.0,1.0,1.0,1.0,1.0,1.0,0.0
0.06543137232462565,0.012779580169300335,0.023305463790893554,0.005463186600624878,9.0,sigmoid,"{'classifier__C': 9, 'classifier__kernel': 'sigmoid'}",0.5833333333333334,0.6458333333333334,0.6875,0.7083333333333334,0.5833333333333334,0.6875,0.6458333333333334,0.5625,0.625,0.5625,0.5,0.5416666666666666,0.5833333333333334,0.6458333333333334,0.5625,0.6083333333333333,0.05853140973807078,21,0.9270833333333334,0.875,0.9583333333333334,0.9166666666666666,0.9166666666666666,0.9479166666666666,0.9270833333333334,0.9270833333333334,0.9479166666666666,0.9583333333333334,0.9166666666666666,0.90625,0.9479166666666666,0.9479166666666666,0.90625,0.9284722222222221,0.02245966892888365,0.6017857142857143,0.6947916666666667,0.7604166666666667,0.6822916666666666,0.6331730769230769,0.7486607142857143,0.7291666666666667,0.56875,0.640625,0.5614583333333333,0.609375,0.5416666666666666,0.66875,0.6947916666666667,0.5188988095238095,0.64364010989011,0.07335038394330182,22,0.9461805555555556,0.902529761904762,0.9635416666666667,0.9293650793650794,0.9330357142857143,0.9473214285714286,0.9430803571428572,0.9427083333333334,0.9523809523809523,0.965029761904762,0.9398561507936508,0.9262400793650793,0.9523809523809523,0.9632936507936508,0.9253472222222222,0.9421527777777778,0.016408656683488402,0.5833333333333333,0.6458333333333333,0.6875,0.7083333333333333,0.5833333333333333,0.6875,0.6458333333333333,0.5625,0.625,0.5625,0.49999999999999994,0.5416666666666666,0.5833333333333333,0.6458333333333333,0.5625,0.6083333333333333,0.05853140973807077,21,0.9270833333333334,0.875,0.9583333333333334,0.9166666666666666,0.9166666666666666,0.9479166666666666,0.9270833333333334,0.9270833333333334,0.9479166666666666,0.9583333333333334,0.9166666666666667,0.90625,0.9479166666666667,0.9479166666666667,0.90625,0.9284722222222221,0.02245966892888366,0.5563988095238095,0.6492559523809524,0.6802083333333333,0.6709325396825396,0.5588541666666667,0.6764880952380952,0.640922619047619,0.5379464285714286,0.6056547619047619,0.5473214285714286,0.5191558441558441,0.5343253968253968,0.5738095238095238,0.6437003968253968,0.5260416666666667,0.5947343975468974,0.057830943782713015,21,0.9314123376623377,0.8811433358308358,0.9588744588744589,0.9184149184149184,0.918691724941725,0.9468968531468531,0.9303821178821179,0.931141774891775,0.9465617715617716,0.958801615051615,0.9212745587745588,0.9083499833499833,0.9476981351981353,0.950495337995338,0.9105790043290043,0.9307145285270285,0.020853822584991865
0.05589071909586588,0.007973340853532013,0.0237640380859375,0.005585728653380107,10.0,linear,"{'classifier__C': 10, 'classifier__kernel': 'linear'}",0.625,0.7291666666666666,0.7291666666666666,0.7291666666666666,0.8125,0.7083333333333334,0.7291666666666666,0.7708333333333334,0.6666666666666666,0.625,0.6041666666666666,0.7083333333333334,0.6458333333333334,0.6666666666666666,0.6666666666666666,0.6944444444444445,0.056245713142546075,1,1.0,1.0,1.0,1.0,1.0,1.0,1.0,1.0,1.0,1.0,1.0,1.0,1.0,1.0,1.0,1.0,0.0,0.575,0.7875,0.7614583333333333,0.696875,0.8385416666666666,0.725,0.7666666666666666,0.7395833333333333,0.7041666666666666,0.640625,0.6145833333333333,0.7854166666666667,0.75625,0.7083333333333333,0.696875,0.7197916666666667,0.06752807200904865,1,1.0,1.0,1.0,1.0,1.0,1.0,1.0,1.0,1.0,1.0,1.0,1.0,1.0,1.0,1.0,1.0,0.0,0.625,0.7291666666666666,0.7291666666666666,0.7291666666666666,0.8125,0.7083333333333333,0.7291666666666666,0.7708333333333333,0.6666666666666666,0.625,0.6041666666666666,0.7083333333333333,0.6458333333333333,0.6666666666666666,0.6666666666666666,0.6944444444444444,0.056245713142546075,1,1.0,1.0,1.0,1.0,1.0,1.0,1.0,1.0,1.0,1.0,1.0,1.0,1.0,1.0,1.0,1.0,0.0,0.5818452380952381,0.7133928571428572,0.7174107142857142,0.6943452380952381,0.806845238095238,0.6924107142857143,0.7385416666666667,0.7392857142857142,0.6528273809523809,0.6166666666666667,0.5848214285714286,0.710218253968254,0.6293154761904762,0.6543154761904761,0.6549107142857142,0.6791435185185184,0.060060580937950206,1,1.0,1.0,1.0,1.0,1.0,1.0,1.0,1.0,1.0,1.0,1.0,1.0,1.0,1.0,1.0,1.0,0.0
0.06985317866007487,0.01619937779838491,0.025311772028605142,0.006610715289677812,10.0,rbf,"{'classifier__C': 10, 'classifier__kernel': 'rbf'}",0.6458333333333334,0.6875,0.6875,0.6875,0.7291666666666666,0.625,0.7083333333333334,0.7083333333333334,0.6041666666666666,0.5625,0.6041666666666666,0.6875,0.5833333333333334,0.5833333333333334,0.75,0.6569444444444446,0.05736632341128718,12,1.0,1.0,1.0,1.0,1.0,1.0,1.0,1.0,1.0,1.0,1.0,1.0,1.0,1.0,1.0,1.0,0.0,0.6677083333333333,0.7276041666666666,0.6729166666666666,0.73125,0.8340773809523809,0.7072916666666667,0.7541666666666667,0.7604166666666666,0.6364583333333333,0.6041666666666666,0.5677083333333333,0.6979166666666666,0.578125,0.6291666666666667,0.746875,0.6877232142857143,0.07241697404587075,12,1.0,1.0,1.0,1.0,1.0,1.0,1.0,1.0,1.0,1.0,1.0,1.0,1.0,1.0,1.0,1.0,0.0,0.6458333333333333,0.6875,0.6875,0.6875,0.7291666666666666,0.625,0.7083333333333333,0.7083333333333333,0.6041666666666666,0.5625,0.6041666666666666,0.6875,0.5833333333333333,0.5833333333333333,0.75,0.6569444444444446,0.05736632341128718,12,1.0,1.0,1.0,1.0,1.0,1.0,1.0,1.0,1.0,1.0,1.0,1.0,1.0,1.0,1.0,1.0,0.0,0.6243551587301587,0.6526920995670995,0.6525297619047619,0.656547619047619,0.7242559523809524,0.6388888888888888,0.7077380952380952,0.6976190476190477,0.5989583333333334,0.5436011904761905,0.562202380952381,0.6739583333333333,0.5382440476190475,0.5777777777777777,0.7348214285714285,0.6389460076960076,0.061767563639497244,12,1.0,1.0,1.0,1.0,1.0,1.0,1.0,1.0,1.0,1.0,1.0,1.0,1.0,1.0,1.0,1.0,0.0
0.0673742930094401,0.02966491889698845,0.020642932256062826,0.006206113610787282,10.0,sigmoid,"{'classifier__C': 10, 'classifier__kernel': 'sigmoid'}",0.5625,0.625,0.6666666666666666,0.7083333333333334,0.6041666666666666,0.6875,0.6666666666666666,0.5625,0.6458333333333334,0.5625,0.5,0.5416666666666666,0.5833333333333334,0.625,0.5625,0.6069444444444444,0.05786851848888794,22,0.9375,0.875,0.9479166666666666,0.9270833333333334,0.9166666666666666,0.9583333333333334,0.9270833333333334,0.9270833333333334,0.9479166666666666,0.96875,0.9375,0.9166666666666666,0.9583333333333334,0.9479166666666666,0.90625,0.9333333333333333,0.02307395517477243,0.5955357142857143,0.6968749999999999,0.7270833333333333,0.6822916666666666,0.6394230769230769,0.7486607142857143,0.75,0.56875,0.6354166666666666,0.5614583333333333,0.5803571428571428,0.5416666666666666,0.6677083333333333,0.653125,0.5188988095238095,0.6378166971916972,0.07235030764306366,24,0.9543650793650793,0.902529761904762,0.9523809523809524,0.9439484126984128,0.9375,0.9598214285714286,0.9430803571428572,0.9427083333333334,0.9523809523809523,0.9717261904761905,0.9543650793650793,0.932936507936508,0.9613095238095238,0.9632936507936508,0.9285714285714286,0.9467278439153439,0.016451233840639796,0.5625,0.625,0.6666666666666666,0.7083333333333333,0.6041666666666666,0.6875,0.6666666666666666,0.5625,0.6458333333333333,0.5625,0.49999999999999994,0.5416666666666666,0.5833333333333333,0.625,0.5625,0.6069444444444444,0.05786851848888793,22,0.9375,0.875,0.9479166666666667,0.9270833333333334,0.9166666666666667,0.9583333333333334,0.9270833333333334,0.9270833333333334,0.9479166666666666,0.96875,0.9375,0.9166666666666667,0.9583333333333334,0.9479166666666667,0.90625,0.9333333333333333,0.02307395517477243,0.5449900793650793,0.6365079365079365,0.6528044871794871,0.6709325396825396,0.5820684523809523,0.6764880952380952,0.6617559523809524,0.5379464285714286,0.6133928571428571,0.5473214285714286,0.5151785714285715,0.5343253968253968,0.5723214285714285,0.6127480158730159,0.5260416666666667,0.5923215557590557,0.05537229981703292,23,0.9411421911421911,0.8811433358308358,0.9485722610722611,0.9295891608391609,0.9207521645021646,0.9582604895104896,0.9303821178821179,0.931141774891775,0.9465617715617716,0.9686043123543124,0.942016317016317,0.9181526806526806,0.9581876456876457,0.950495337995338,0.9120957167832169,0.9358064851814852,0.021323882907942213
